
-- LES TRIGGERS D'INSERTION SE TROUVENT LA FIN DU PRESENT FICHIER 

-- DATES ############################################

INSERT INTO DATES (dat)
VALUES('29-02-2012');

INSERT INTO DATES (dat)
VALUES('18-03-2012');

INSERT INTO DATES (dat)
VALUES('23-03-2012');

INSERT INTO DATES (dat)
VALUES('24-02-2013');

INSERT INTO DATES (dat)
VALUES('02-05-2013');

INSERT INTO DATES (dat)
VALUES('05-06-2013');

INSERT INTO DATES (dat)
VALUES('30-01-2014');

INSERT INTO DATES (dat)
VALUES('28-04-2014');

INSERT INTO DATES (dat)
VALUES('15-07-2014');

INSERT INTO DATES (dat)
VALUES('14-01-2015');

INSERT INTO DATES (dat)
VALUES('18-02-2015');

INSERT INTO DATES (dat)
VALUES('20-08-2015');

INSERT INTO DATES (dat)
VALUES('10-02-2016');

INSERT INTO DATES (dat)
VALUES('13-03-2016');

INSERT INTO DATES (dat)
VALUES('17-09-2016');

INSERT INTO DATES (dat)
VALUES('09-04-2017');

INSERT INTO DATES (dat)
VALUES('11-05-2017');

INSERT INTO DATES (dat)
VALUES('17-06-2017');

INSERT INTO DATES (dat)
VALUES('12-03-2018');

INSERT INTO DATES (dat)
VALUES('19-06-2018');

INSERT INTO DATES (dat)
VALUES('13-11-2018');

INSERT INTO DATES (dat)
VALUES('14-05-2019');

INSERT INTO DATES (dat)
VALUES('23-07-2019');

INSERT INTO DATES (dat)
VALUES('17-11-2019');

INSERT INTO DATES (dat)
VALUES('04-01-2020');

INSERT INTO DATES (dat)
VALUES('05-02-2020');

INSERT INTO DATES (dat)
VALUES('06-03-2020');

INSERT INTO DATES (dat)
VALUES('20-05-2021');

INSERT INTO DATES (dat)
VALUES('22-07-2021');

INSERT INTO DATES (dat)
VALUES('12-08-2021');

INSERT INTO DATES (dat)
VALUES('28-01-2012');

INSERT INTO DATES (dat)
VALUES('19-04-2012');

INSERT INTO DATES (dat)
VALUES('22-02-2012');

INSERT INTO DATES (dat)
VALUES('25-02-2013');

INSERT INTO DATES (dat)
VALUES('03-05-2013');

INSERT INTO DATES (dat)
VALUES('06-06-2013');

INSERT INTO DATES (dat)
VALUES('31-01-2014');

INSERT INTO DATES (dat)
VALUES('29-04-2014');

INSERT INTO DATES (dat)
VALUES('16-07-2014');

INSERT INTO DATES (dat)
VALUES('15-01-2015');

INSERT INTO DATES (dat)
VALUES('19-02-2015');

INSERT INTO DATES (dat)
VALUES('21-08-2015');

INSERT INTO DATES (dat)
VALUES('11-02-2016');

INSERT INTO DATES (dat)
VALUES('14-03-2016');

INSERT INTO DATES (dat)
VALUES('18-09-2016');

INSERT INTO DATES (dat)
VALUES('07-04-2017');

INSERT INTO DATES (dat)
VALUES('10-05-2017');

INSERT INTO DATES (dat)
VALUES('18-06-2017');

INSERT INTO DATES (dat)
VALUES('13-03-2018');

INSERT INTO DATES (dat)
VALUES('18-06-2018');

INSERT INTO DATES (dat)
VALUES('14-11-2018');

INSERT INTO DATES (dat)
VALUES('15-05-2019');

INSERT INTO DATES (dat)
VALUES('24-07-2019');

INSERT INTO DATES (dat)
VALUES('18-11-2019');

INSERT INTO DATES (dat)
VALUES('05-01-2020');

INSERT INTO DATES (dat)
VALUES('06-02-2020');

INSERT INTO DATES (dat)
VALUES('07-03-2020');

INSERT INTO DATES (dat)
VALUES('21-05-2021');

INSERT INTO DATES (dat)
VALUES('23-07-2021');

INSERT INTO DATES (dat)
VALUES('13-08-2021');

INSERT INTO DATES (dat)
VALUES('03-03-2012');

INSERT INTO DATES (dat)
VALUES ('16-08-2014');

INSERT INTO DATES (dat)
VALUES ('15-02-2015');

INSERT INTO DATES (dat)
VALUES ('14-05-2017');

INSERT INTO DATES (dat)
VALUES ('17-02-2016');

INSERT INTO DATES (dat)
VALUES ('20-03-2016');

INSERT INTO DATES (dat)
VALUES ('23-09-2016');

INSERT INTO DATES (dat)
VALUES ('30-04-2017');

INSERT INTO DATES (dat)
VALUES ('07-06-2017');

INSERT INTO DATES (dat)
VALUES ('19-07-2018');

INSERT INTO DATES (dat)
VALUES ('13-12-2018');

INSERT INTO DATES (dat)
VALUES ('14-06-2019');

INSERT INTO DATES (dat)
VALUES ('20-08-2019');

INSERT INTO DATES (dat)
VALUES ('17-01-2020');

INSERT INTO DATES (dat)
VALUES ('19-01-2020');

INSERT INTO DATES (dat)
VALUES ('07-04-2020');

INSERT INTO DATES (dat)
VALUES ('08-06-2020');

INSERT INTO DATES (dat)
VALUES ('24-05-2021');

INSERT INTO DATES (dat)
VALUES ('17-09-2021');

INSERT INTO DATES (dat)
VALUES ('31-01-2012');

INSERT INTO DATES (dat)
VALUES ('27-04-2012');

INSERT INTO DATES (dat)
VALUES ('23-07-2012');

INSERT INTO DATES (dat)
VALUES ('26-02-2013');

INSERT INTO DATES (dat)
VALUES ('06-02-2014');

INSERT INTO DATES (dat)
VALUES ('30-04-2014');

INSERT INTO DATES (dat)
VALUES ('18-07-2014');

INSERT INTO DATES (dat)
VALUES ('17-01-2015');

INSERT INTO DATES (dat)
VALUES ('21-02-2015');

INSERT INTO DATES (dat)
VALUES ('23-08-2015');

INSERT INTO DATES (dat)
VALUES ('15-02-2016');

INSERT INTO DATES (dat)
VALUES ('18-03-2016');

INSERT INTO DATES (dat)
VALUES ('25-09-2016');

INSERT INTO DATES (dat)
VALUES ('13-04-2017');

INSERT INTO DATES (dat)
VALUES ('17-05-2017');

INSERT INTO DATES (dat)
VALUES ('30-06-2017');

INSERT INTO DATES (dat)
VALUES ('14-03-2018');

INSERT INTO DATES (dat)
VALUES ('21-06-2018');

INSERT INTO DATES (dat)
VALUES ('17-12-2018');

INSERT INTO DATES (dat)
VALUES ('15-08-2019');

INSERT INTO DATES (dat)
VALUES ('25-07-2019');

INSERT INTO DATES (dat)
VALUES ('14-12-2019');

INSERT INTO DATES (dat)
VALUES ('11-01-2020');

INSERT INTO DATES (dat)
VALUES ('07-05-2020');

INSERT INTO DATES (dat)
VALUES ('20-06-2021');

INSERT INTO DATES (dat)
VALUES ('21-08-2021');

INSERT INTO DATES (dat)
VALUES ('09-09-2021');

INSERT INTO DATES (dat)
VALUES ('09-03-2012');

INSERT INTO DATES (dat)
VALUES ('15-04-2012');

INSERT INTO DATES (dat)
VALUES ('14-04-2012');

INSERT INTO DATES (dat)
VALUES ('28-02-2013');

INSERT INTO DATES (dat)
VALUES ('07-08-2013');

INSERT INTO DATES (dat)
VALUES ('07-07-2013');

INSERT INTO DATES (dat)
VALUES ('04-02-2014');

INSERT INTO DATES (dat)
VALUES ('16-08-2021');

INSERT INTO DATES (dat)
VALUES ('30-08-2021');

INSERT INTO DATES (dat)
VALUES ('11-02-2012');

INSERT INTO DATES (dat)
VALUES ('21-04-2012');

INSERT INTO DATES (dat)
VALUES ('02-03-2012');

INSERT INTO DATES (dat)
VALUES ('28-04-2013');

INSERT INTO DATES (dat)
VALUES ('17-05-2013');

INSERT INTO DATES (dat)
VALUES ('29-06-2013');

INSERT INTO DATES (dat)
VALUES ('09-02-2014');

INSERT INTO DATES (dat)
VALUES ('29-05-2014');

INSERT INTO DATES (dat)
VALUES ('19-03-2015');

INSERT INTO DATES (dat)
VALUES ('27-08-2015');

INSERT INTO DATES (dat)
VALUES ('15-03-2016');

INSERT INTO DATES (dat)
VALUES ('17-03-2016');

INSERT INTO DATES (dat)
VALUES ('27-09-2016');

INSERT INTO DATES (dat)
VALUES ('27-04-2017');

INSERT INTO DATES (dat)
VALUES ('23-05-2017');

INSERT INTO DATES (dat)
VALUES ('17-11-2021');


-- DONATORS ############################################

INSERT INTO DONATORS (idDonator, labelDonator)
VALUES (1, 'Philips');

INSERT INTO DONATORS (idDonator, labelDonator)
VALUES (2, 'Intel');

INSERT INTO DONATORS (idDonator, labelDonator)
VALUES (3, 'Dell');

INSERT INTO DONATORS (idDonator, labelDonator)
VALUES (4, 'Louis Vuitton');

INSERT INTO DONATORS (idDonator, labelDonator)
VALUES (5, 'Opéra National');

INSERT INTO DONATORS (idDonator, labelDonator)
VALUES (6, 'Ministère de la Culture');

INSERT INTO DONATORS (idDonator, labelDonator)
VALUES (7, 'Point P');

INSERT INTO DONATORS (idDonator, labelDonator)
VALUES (8, 'BlablaCar');

INSERT INTO DONATORS (idDonator, labelDonator)
VALUES (9, 'Fondation Arnaud Lagardère');

INSERT INTO DONATORS (idDonator, labelDonator)
VALUES (10, 'Castorama');

INSERT INTO DONATORS (idDonator, labelDonator)
VALUES (11, 'Mairie de Lyon');


-- CUSTOMER ############################################

INSERT INTO CUSTOMER (idCustomer, nameCustomer, age, status, idStatus)
VALUES (1, 'Philippe', 36, 'normal', 1);

INSERT INTO CUSTOMER (idCustomer, nameCustomer, age, status, idStatus)
VALUES (2, 'Jean', 28, 'normal', 1);

INSERT INTO CUSTOMER (idCustomer, nameCustomer, age, status, idStatus)
VALUES (3, 'Michael', 15, 'child', 2);

INSERT INTO CUSTOMER (idCustomer, nameCustomer, age, status, idStatus)
VALUES (4, 'John', 10, 'child', 2);

INSERT INTO CUSTOMER (idCustomer, nameCustomer, age, status, idStatus)
VALUES (5, 'George', 21, 'student', 3);

INSERT INTO CUSTOMER (idCustomer, nameCustomer, age, status, idStatus)
VALUES (6, 'Corentin', 20, 'student', 3);

INSERT INTO CUSTOMER (idCustomer, nameCustomer, age, status, idStatus)
VALUES (7, 'Marise', 21, 'unemployed', 4);

INSERT INTO CUSTOMER (idCustomer, nameCustomer, age, status, idStatus)
VALUES (8, 'Corentin', 35, 'unemployed', 4);

INSERT INTO CUSTOMER (idCustomer, nameCustomer, age, status, idStatus)
VALUES (9, 'René', 88, 'elderly', 5);

INSERT INTO CUSTOMER (idCustomer, nameCustomer, age, status, idStatus)
VALUES (10, 'Louisette', 75, 'elderly', 5);

INSERT INTO CUSTOMER (idCustomer, nameCustomer, age, status, idStatus)
VALUES (11, 'Bernard', 49, 'normal', 1);

INSERT INTO CUSTOMER (idCustomer, nameCustomer, age, status, idStatus)
VALUES (12, 'Bertrand', 48, 'normal', 1);

INSERT INTO CUSTOMER (idCustomer, nameCustomer, age, status, idStatus)
VALUES (13, 'Grégory', 14, 'child', 2);

INSERT INTO CUSTOMER (idCustomer, nameCustomer, age, status, idStatus)
VALUES (14, 'Rodrigo', 7, 'child', 2);

INSERT INTO CUSTOMER (idCustomer, nameCustomer, age, status, idStatus)
VALUES (15, 'James', 23, 'student', 3);

INSERT INTO CUSTOMER (idCustomer, nameCustomer, age, status, idStatus)
VALUES (16, 'Felipe', 24, 'student', 3);

INSERT INTO CUSTOMER (idCustomer, nameCustomer, age, status, idStatus)
VALUES (17, 'Sven', 25, 'unemployed', 4);

INSERT INTO CUSTOMER (idCustomer, nameCustomer, age, status, idStatus)
VALUES (18, 'Boslav', 33, 'unemployed', 4);

INSERT INTO CUSTOMER (idCustomer, nameCustomer, age, status, idStatus)
VALUES (19, 'Driss', 63, 'elderly', 5);

INSERT INTO CUSTOMER (idCustomer, nameCustomer, age, status, idStatus)
VALUES (20, 'Claire', 62, 'elderly', 5);

INSERT INTO CUSTOMER (idCustomer, nameCustomer, age, status, idStatus)
VALUES (21, 'Henry Case', 84, 'elderly', 5);

INSERT INTO CUSTOMER (idCustomer, nameCustomer, age, status, idStatus)
VALUES (22, 'Maile Moore', 39, 'unemployed', 4);

INSERT INTO CUSTOMER (idCustomer, nameCustomer, age, status, idStatus)
VALUES (23, 'Cailin Buck', 62, 'elderly', 5);

INSERT INTO CUSTOMER (idCustomer, nameCustomer, age, status, idStatus)
VALUES (24, 'Quentin Santiago', 18, 'student', 3);

INSERT INTO CUSTOMER (idCustomer, nameCustomer, age, status, idStatus)
VALUES (25, 'David Ayers', 91, 'elderly', 5);

INSERT INTO CUSTOMER (idCustomer, nameCustomer, age, status, idStatus)
VALUES (26, 'Hakeem Melendez', 76, 'elderly', 5);

INSERT INTO CUSTOMER (idCustomer, nameCustomer, age, status, idStatus)
VALUES (27, 'Adam Herman', 42, 'normal', 1);

INSERT INTO CUSTOMER (idCustomer, nameCustomer, age, status, idStatus)
VALUES (28, 'Yvette Randolph', 49, 'normal', 1);

INSERT INTO CUSTOMER (idCustomer, nameCustomer, age, status, idStatus)
VALUES (29, 'Genevieve Adams', 82, 'elderly', 5);

INSERT INTO CUSTOMER (idCustomer, nameCustomer, age, status, idStatus)
VALUES (30, 'Nevada Lindsey', 89, 'elderly', 5);

INSERT INTO CUSTOMER (idCustomer, nameCustomer, age, status, idStatus)
VALUES (31, 'Sheila Cash', 78, 'elderly', 5);

INSERT INTO CUSTOMER (idCustomer, nameCustomer, age, status, idStatus)
VALUES (32, 'Lars Waters', 29, 'normal', 1);

INSERT INTO CUSTOMER (idCustomer, nameCustomer, age, status, idStatus)
VALUES (33, 'Hu Garrett', 19, 'student', 3);

INSERT INTO CUSTOMER (idCustomer, nameCustomer, age, status, idStatus)
VALUES (34, 'Beatrice Decker', 16, 'child', 2);

INSERT INTO CUSTOMER (idCustomer, nameCustomer, age, status, idStatus)
VALUES (35, 'Kevyn Foley', 76, 'elderly', 5);

INSERT INTO CUSTOMER (idCustomer, nameCustomer, age, status, idStatus)
VALUES (36, 'Slade Castro', 45, 'normal', 1);

INSERT INTO CUSTOMER (idCustomer, nameCustomer, age, status, idStatus)
VALUES (37, 'Rina Goodman', 74, 'elderly', 5);

INSERT INTO CUSTOMER (idCustomer, nameCustomer, age, status, idStatus)
VALUES (38, 'Aline Stark', 89, 'elderly', 5);

INSERT INTO CUSTOMER (idCustomer, nameCustomer, age, status, idStatus)
VALUES (39, 'Marsden Hawkins', 18, 'normal', 1);

INSERT INTO CUSTOMER (idCustomer, nameCustomer, age, status, idStatus)
VALUES (40, 'Meghan Cobb', 49, 'normal', 1);

INSERT INTO CUSTOMER (idCustomer, nameCustomer, age, status, idStatus)
VALUES (41, 'Keith Romero', 74, 'elderly', 5);

INSERT INTO CUSTOMER (idCustomer, nameCustomer, age, status, idStatus)
VALUES (42, 'Leigh Frye', 47, 'normal', 1);

INSERT INTO CUSTOMER (idCustomer, nameCustomer, age, status, idStatus)
VALUES (43, 'Aspen Floyd', 39, 'normal', 1);

INSERT INTO CUSTOMER (idCustomer, nameCustomer, age, status, idStatus)
VALUES (44, 'Lysandra Harding', 61, 'elderly', 5);

INSERT INTO CUSTOMER (idCustomer, nameCustomer, age, status, idStatus)
VALUES (45, 'Yuli Pate', 34, 'normal', 1);

INSERT INTO CUSTOMER (idCustomer, nameCustomer, age, status, idStatus)
VALUES (46, 'Cairo Snyder', 60, 'elderly', 5);

INSERT INTO CUSTOMER (idCustomer, nameCustomer, age, status, idStatus)
VALUES (47, 'Hedda Bush', 12, 'child', 2);

INSERT INTO CUSTOMER (idCustomer, nameCustomer, age, status, idStatus)
VALUES (48, 'Shelby Diaz', 14, 'child', 2);

INSERT INTO CUSTOMER (idCustomer, nameCustomer, age, status, idStatus)
VALUES (49, 'Timothy Cote', 98, 'elderly', 5);

INSERT INTO CUSTOMER (idCustomer, nameCustomer, age, status, idStatus)
VALUES (50, 'Sean Dudley', 77, 'elderly', 5);

INSERT INTO CUSTOMER (idCustomer, nameCustomer, age, status, idStatus)
VALUES (51, 'Ruth Benton', 84, 'elderly', 5);

INSERT INTO CUSTOMER (idCustomer, nameCustomer, age, status, idStatus)
VALUES (52, 'Rachel Wells', 95, 'elderly', 5);

INSERT INTO CUSTOMER (idCustomer, nameCustomer, age, status, idStatus)
VALUES (53, 'Devin Long', 68, 'elderly', 5);

INSERT INTO CUSTOMER (idCustomer, nameCustomer, age, status, idStatus)
VALUES (54, 'Rajah Compton', 66, 'elderly', 5);

INSERT INTO CUSTOMER (idCustomer, nameCustomer, age, status, idStatus)
VALUES (55, 'Martha Aguilar', 86, 'elderly', 5);

INSERT INTO CUSTOMER (idCustomer, nameCustomer, age, status, idStatus)
VALUES (56, 'Fletcher Sherman', 57, 'normal', 1);

INSERT INTO CUSTOMER (idCustomer, nameCustomer, age, status, idStatus)
VALUES (57, 'Bradley Gaines', 91, 'elderly', 5);

INSERT INTO CUSTOMER (idCustomer, nameCustomer, age, status, idStatus)
VALUES (58, 'Palmer Chen', 28, 'normal', 1);

INSERT INTO CUSTOMER (idCustomer, nameCustomer, age, status, idStatus)
VALUES (59, 'Brynn Downs', 32, 'normal', 1);

INSERT INTO CUSTOMER (idCustomer, nameCustomer, age, status, idStatus)
VALUES (60, 'Ginger Owen', 12, 'child', 2);

INSERT INTO CUSTOMER (idCustomer, nameCustomer, age, status, idStatus)
VALUES (61, 'Brock Farley', 48, 'unemployed', 4);

INSERT INTO CUSTOMER (idCustomer, nameCustomer, age, status, idStatus)
VALUES (62, 'Lee Kelley', 29, 'normal', 1);

INSERT INTO CUSTOMER (idCustomer, nameCustomer, age, status, idStatus)
VALUES (63, 'Brock Adams', 97, 'elderly', 5);

INSERT INTO CUSTOMER (idCustomer, nameCustomer, age, status, idStatus)
VALUES (64, 'Hope Finley', 93, 'elderly', 5);

INSERT INTO CUSTOMER (idCustomer, nameCustomer, age, status, idStatus)
VALUES (65, 'Valentine Emerson', 87, 'elderly', 5);

INSERT INTO CUSTOMER (idCustomer, nameCustomer, age, status, idStatus)
VALUES (66, 'Sylvester Mcclure', 24, 'unemployed', 4);

INSERT INTO CUSTOMER (idCustomer, nameCustomer, age, status, idStatus)
VALUES (67, 'Camille Rosales', 55, 'normal', 1);

INSERT INTO CUSTOMER (idCustomer, nameCustomer, age, status, idStatus)
VALUES (68, 'Karleigh Mccoy', 94, 'elderly', 5);

INSERT INTO CUSTOMER (idCustomer, nameCustomer, age, status, idStatus)
VALUES (69, 'Eliana Robbins', 65, 'elderly', 5);

INSERT INTO CUSTOMER (idCustomer, nameCustomer, age, status, idStatus)
VALUES (70, 'Kiara Hickman', 60, 'elderly', 5);

INSERT INTO CUSTOMER (idCustomer, nameCustomer, age, status, idStatus)
VALUES (71, 'Gillian Good', 85, 'elderly', 5);

INSERT INTO CUSTOMER (idCustomer, nameCustomer, age, status, idStatus)
VALUES (72, 'Haley Austin', 96, 'elderly', 5);

INSERT INTO CUSTOMER (idCustomer, nameCustomer, age, status, idStatus)
VALUES (73, 'Kermit Bryant', 16, 'child', 2);

INSERT INTO CUSTOMER (idCustomer, nameCustomer, age, status, idStatus)
VALUES (74, 'Adena Mcdaniel', 69, 'elderly', 5);

INSERT INTO CUSTOMER (idCustomer, nameCustomer, age, status, idStatus)
VALUES (75, 'Jesse Key', 75, 'elderly', 5);

INSERT INTO CUSTOMER (idCustomer, nameCustomer, age, status, idStatus)
VALUES (76, 'Chadwick Reyes', 17, 'child', 2);

INSERT INTO CUSTOMER (idCustomer, nameCustomer, age, status, idStatus)
VALUES (77, 'Aidan Frazier', 43, 'unemployed', 4);

INSERT INTO CUSTOMER (idCustomer, nameCustomer, age, status, idStatus)
VALUES (78, 'Quinn O''connor', 8, 'child', 2);

INSERT INTO CUSTOMER (idCustomer, nameCustomer, age, status, idStatus)
VALUES (79, 'Desirae Ward', 24, 'normal', 1);

INSERT INTO CUSTOMER (idCustomer, nameCustomer, age, status, idStatus)
VALUES (80, 'Angelica Lott', 22, 'student', 3);

INSERT INTO CUSTOMER (idCustomer, nameCustomer, age, status, idStatus)
VALUES (81, 'Deacon Hendrix', 46, 'normal', 1);

INSERT INTO CUSTOMER (idCustomer, nameCustomer, age, status, idStatus)
VALUES (82, 'Cailin Sosa', 40, 'normal', 1);

INSERT INTO CUSTOMER (idCustomer, nameCustomer, age, status, idStatus)
VALUES (83, 'Larissa Maynard', 78, 'elderly', 5);

INSERT INTO CUSTOMER (idCustomer, nameCustomer, age, status, idStatus)
VALUES (84, 'Lamar Fuller', 30, 'normal', 1);

INSERT INTO CUSTOMER (idCustomer, nameCustomer, age, status, idStatus)
VALUES (85, 'Thane Rutledge', 8, 'child', 2);

INSERT INTO CUSTOMER (idCustomer, nameCustomer, age, status, idStatus)
VALUES (86, 'Griffith Villarreal', 34, 'normal', 1);

INSERT INTO CUSTOMER (idCustomer, nameCustomer, age, status, idStatus)
VALUES (87, 'Benedict Mays', 72, 'elderly', 5);

INSERT INTO CUSTOMER (idCustomer, nameCustomer, age, status, idStatus)
VALUES (88, 'Lacota Mcgowan', 27, 'normal', 1);

INSERT INTO CUSTOMER (idCustomer, nameCustomer, age, status, idStatus)
VALUES (89, 'Justin Walton', 8, 'child', 2);

INSERT INTO CUSTOMER (idCustomer, nameCustomer, age, status, idStatus)
VALUES (90, 'Sara Perry', 72, 'elderly', 5);

INSERT INTO CUSTOMER (idCustomer, nameCustomer, age, status, idStatus)
VALUES (91, 'Yetta Moreno', 65, 'elderly', 5);

INSERT INTO CUSTOMER (idCustomer, nameCustomer, age, status, idStatus)
VALUES (92, 'Sybil Daugherty', 10, 'child', 2);

INSERT INTO CUSTOMER (idCustomer, nameCustomer, age, status, idStatus)
VALUES (93, 'Amir Hodge', 65, 'elderly', 5);

INSERT INTO CUSTOMER (idCustomer, nameCustomer, age, status, idStatus)
VALUES (94, 'Frances Forbes', 71, 'elderly', 5);

INSERT INTO CUSTOMER (idCustomer, nameCustomer, age, status, idStatus)
VALUES (95, 'Hedley Bartlett', 7, 'child', 2);

INSERT INTO CUSTOMER (idCustomer, nameCustomer, age, status, idStatus)
VALUES (96, 'Linus Tyler', 71, 'elderly', 5);

INSERT INTO CUSTOMER (idCustomer, nameCustomer, age, status, idStatus)
VALUES (97, 'Odessa Cochran', 20, 'student', 3);

INSERT INTO CUSTOMER (idCustomer, nameCustomer, age, status, idStatus)
VALUES (98, 'Rebekah Hernandez', 22, 'unemployed', 4);

INSERT INTO CUSTOMER (idCustomer, nameCustomer, age, status, idStatus)
VALUES (99, 'Solomon Stephens', 45, 'normal', 1);

INSERT INTO CUSTOMER (idCustomer, nameCustomer, age, status, idStatus)
VALUES (100, 'Noel Barr', 94, 'elderly', 5);


-- THEATER_HALL ############################################

INSERT INTO THEATER_HALL (idTheater, labelTheater, hallCapacity, cityHall)
VALUES (1, 'Temple de la Liberté', 15, 'Valence');

INSERT INTO THEATER_HALL (idTheater, labelTheater, hallCapacity, cityHall)
VALUES (2, 'Café Rock', 33, 'Béziers');

INSERT INTO THEATER_HALL (idTheater, labelTheater, hallCapacity, cityHall)
VALUES (3, 'Temple Solaire', 54, 'Alès');

INSERT INTO THEATER_HALL (idTheater, labelTheater, hallCapacity, cityHall)
VALUES (4, 'Euismod Enim Etiam', 17, 'Ledeberg');

INSERT INTO THEATER_HALL (idTheater, labelTheater, hallCapacity, cityHall)
VALUES (5, 'Sapien Institute', 25, 'Daegu');

INSERT INTO THEATER_HALL (idTheater, labelTheater, hallCapacity, cityHall)
VALUES (6, 'Le caroussel du rire', 33, 'Toronto');


-- THEATER_COMPANY ############################################

INSERT INTO THEATER_COMPANY (idTheater, labelTheater, hallCapacity, budget, budgetMonth)
VALUES (1, 'Temple de la Liberté', 15, 65228.00, '01-01-2012');

INSERT INTO THEATER_COMPANY (idTheater, labelTheater, hallCapacity, budget, budgetMonth)
VALUES (2, 'Café Rock', 33, 96934.00, '01-01-2012');

INSERT INTO THEATER_COMPANY (idTheater, labelTheater, hallCapacity, budget, budgetMonth)
VALUES (3, 'Temple Solaire', 54, 45585.00, '01-01-2012');

INSERT INTO THEATER_COMPANY (idTheater, labelTheater, hallCapacity, budget, budgetMonth)
VALUES (4, 'Euismod Enim Etiam', 17, 120392.00, '01-01-2012');

INSERT INTO THEATER_COMPANY (idTheater, labelTheater, hallCapacity, budget, budgetMonth)
VALUES (5, 'Sapien Institute', 25, 39228.00, '01-01-2012');

INSERT INTO THEATER_COMPANY (idTheater, labelTheater, hallCapacity, budget, budgetMonth)
VALUES (6, 'Le caroussel du rire', 33, 25000.00, '01-01-2012');


-- SHOWS ############################################

INSERT INTO SHOWS (idShow, labelShow, idTheater)
VALUES (1, 'Le Roi Soleil', 1);

INSERT INTO SHOWS (idShow, labelShow, idTheater)
VALUES (2, 'Le Bal des Vampires', 1);

INSERT INTO SHOWS (idShow, labelShow, idTheater)
VALUES (3, 'Le Lac des Cygnes', 1);

INSERT INTO SHOWS (idShow, labelShow, idTheater)
VALUES (4, 'La roue solaire', 1);

INSERT INTO SHOWS (idShow, labelShow, idTheater)
VALUES (5, 'Les Rois Mages', 1);

INSERT INTO SHOWS (idShow, labelShow, idTheater)
VALUES (6, 'psCHHHHT', 1);

INSERT INTO SHOWS (idShow, labelShow, idTheater)
VALUES (7, 'Lala Land', 1);

INSERT INTO SHOWS (idShow, labelShow, idTheater)
VALUES (8, 'Le braquage du siècle', 2);

INSERT INTO SHOWS (idShow, labelShow, idTheater)
VALUES (9, 'L''entrée des artistes', 2);

INSERT INTO SHOWS (idShow, labelShow, idTheater)
VALUES (10, 'Les fous de la rampe', 2);

INSERT INTO SHOWS (idShow, labelShow, idTheater)
VALUES (11, 'Blanche Neige et les sept nains', 2);

INSERT INTO SHOWS (idShow, labelShow, idTheater)
VALUES (12, '11 brigandes', 2);

INSERT INTO SHOWS (idShow, labelShow, idTheater)
VALUES (13, 'Il était une fois dans l''Ouest', 2);

INSERT INTO SHOWS (idShow, labelShow, idTheater)
VALUES (14, '300', 3);

INSERT INTO SHOWS (idShow, labelShow, idTheater)
VALUES (15, 'Les 10 petits zèbres', 3);

INSERT INTO SHOWS (idShow, labelShow, idTheater)
VALUES (16, 'Ils ont des chapeaux ronds', 3);

INSERT INTO SHOWS (idShow, labelShow, idTheater)
VALUES (17, 'La lune d''argent', 3);

INSERT INTO SHOWS (idShow, labelShow, idTheater)
VALUES (18, 'Les poches creuses', 3);

INSERT INTO SHOWS (idShow, labelShow, idTheater)
VALUES (19, 'Tonton était bon', 3);

INSERT INTO SHOWS (idShow, labelShow, idTheater)
VALUES (20, 'Auguste c''est le minimum', 3);

INSERT INTO SHOWS (idShow, labelShow, idTheater)
VALUES (21, 'Casse noisettes', 3);

INSERT INTO SHOWS (idShow, labelShow, idTheater)
VALUES (22, 'Toto chez la pharmacienne', 4);

INSERT INTO SHOWS (idShow, labelShow, idTheater)
VALUES (23, 'Electre', 4);

INSERT INTO SHOWS (idShow, labelShow, idTheater)
VALUES (24, 'Croc Bagne', 4);

INSERT INTO SHOWS (idShow, labelShow, idTheater)
VALUES (25, 'Danhuile le conv', 4);

INSERT INTO SHOWS (idShow, labelShow, idTheater)
VALUES (26, 'Existentiel', 5);

INSERT INTO SHOWS (idShow, labelShow, idTheater)
VALUES (27, 'Irréversible', 5);

INSERT INTO SHOWS (idShow, labelShow, idTheater)
VALUES (28, 'Tata Simone', 5);

INSERT INTO SHOWS (idShow, labelShow, idTheater)
VALUES (29, 'Fer et Acier', 5);

INSERT INTO SHOWS (idShow, labelShow, idTheater)
VALUES (30, 'Les yamnayas, un voyage à travers le temps', 5);

INSERT INTO SHOWS (idShow, labelShow, idTheater)
VALUES (31, 'Lucky Luke & les Dalton', 6);


-- TICKETS ############################################

INSERT INTO TICKETS (idTicket, labelTicket, priceTicket, idShow, idTheater, idCustomer, statusCustomer)
VALUES (1, 'normalPriceTicket', 25.00, 1, 1, 1, 'normal');

INSERT INTO TICKETS (idTicket, labelTicket, priceTicket, idShow, idTheater, idCustomer, statusCustomer)
VALUES (2, 'normalPriceTicket', 25.00, 1, 1, 2, 'normal');

INSERT INTO TICKETS (idTicket, labelTicket, priceTicket, idShow, idTheater, idCustomer, statusCustomer)
VALUES (3, 'reducedPriceTicket', 10.00, 1, 1, 3, 'child');

INSERT INTO TICKETS (idTicket, labelTicket, priceTicket, idShow, idTheater, idCustomer, statusCustomer)
VALUES (4, 'reducedPriceTicket', 20.00, 1, 1, 10, 'elderly');

INSERT INTO TICKETS (idTicket, labelTicket, priceTicket, idShow, idTheater, idCustomer, statusCustomer)
VALUES (5, 'normalPriceTicket', 25.00, 1, 1, 11, 'normal');

INSERT INTO TICKETS (idTicket, labelTicket, priceTicket, idShow, idTheater, idCustomer, statusCustomer)
VALUES (6, 'reducedPriceTicket', 10.00, 1, 1, 13, 'child');

INSERT INTO TICKETS (idTicket, labelTicket, priceTicket, idShow, idTheater, idCustomer, statusCustomer)
VALUES (7, 'reducedPriceTicket', 15.00, 1, 1, 6, 'student');

INSERT INTO TICKETS (idTicket, labelTicket, priceTicket, idShow, idTheater, idCustomer, statusCustomer)
VALUES (8, 'reducedPriceTicket', 15.00, 1, 1, 7, 'unemployed');

INSERT INTO TICKETS (idTicket, labelTicket, priceTicket, idShow, idTheater, idCustomer, statusCustomer)
VALUES (9, 'reducedPriceTicket', 15.00, 1, 1, 8, 'unemployed');

INSERT INTO TICKETS (idTicket, labelTicket, priceTicket, idShow, idTheater, idCustomer, statusCustomer)
VALUES (10, 'reducedPriceTicket', 15.00, 2, 1, 18, 'unemployed');

INSERT INTO TICKETS (idTicket, labelTicket, priceTicket, idShow, idTheater, idCustomer, statusCustomer)
VALUES (11, 'reducedPriceTicket', 15.00, 2, 1, 22, 'unemployed');

INSERT INTO TICKETS (idTicket, labelTicket, priceTicket, idShow, idTheater, idCustomer, statusCustomer)
VALUES (12, 'reducedPriceTicket', 20.00, 2, 1, 23, 'elderly');

INSERT INTO TICKETS (idTicket, labelTicket, priceTicket, idShow, idTheater, idCustomer, statusCustomer)
VALUES (13, 'reducedPriceTicket', 15.00, 2, 1, 24, 'student');

INSERT INTO TICKETS (idTicket, labelTicket, priceTicket, idShow, idTheater, idCustomer, statusCustomer)
VALUES (14, 'reducedPriceTicket', 20.00, 2, 1, 46, 'elderly');

INSERT INTO TICKETS (idTicket, labelTicket, priceTicket, idShow, idTheater, idCustomer, statusCustomer)
VALUES (15, 'reducedPriceTicket', 20.00, 4, 1, 54, 'elderly');

INSERT INTO TICKETS (idTicket, labelTicket, priceTicket, idShow, idTheater, idCustomer, statusCustomer)
VALUES (16, 'reducedPriceTicket', 20.00, 4, 1, 63, 'elderly');

INSERT INTO TICKETS (idTicket, labelTicket, priceTicket, idShow, idTheater, idCustomer, statusCustomer)
VALUES (17, 'reducedPriceTicket', 20.00, 4, 1, 100, 'elderly');

INSERT INTO TICKETS (idTicket, labelTicket, priceTicket, idShow, idTheater, idCustomer, statusCustomer)
VALUES (18, 'reducedPriceTicket', 15.00, 4, 1, 77, 'unemployed');

INSERT INTO TICKETS (idTicket, labelTicket, priceTicket, idShow, idTheater, idCustomer, statusCustomer)
VALUES (19, 'reducedPriceTicket', 20.00, 4, 1, 19, 'elderly');

INSERT INTO TICKETS (idTicket, labelTicket, priceTicket, idShow, idTheater, idCustomer, statusCustomer)
VALUES (20, 'reducedPriceTicket', 10.00, 4, 1, 47, 'child');

INSERT INTO TICKETS (idTicket, labelTicket, priceTicket, idShow, idTheater, idCustomer, statusCustomer)
VALUES (21, 'reducedPriceTicket', 20.00, 4, 1, 50, 'elderly');

INSERT INTO TICKETS (idTicket, labelTicket, priceTicket, idShow, idTheater, idCustomer, statusCustomer)
VALUES (22, 'reducedPriceTicket', 20.00, 4, 1, 69, 'elderly');

INSERT INTO TICKETS (idTicket, labelTicket, priceTicket, idShow, idTheater, idCustomer, statusCustomer)
VALUES (23, 'normalPriceTicket', 25.00, 4, 1, 88, 'normal');

INSERT INTO TICKETS (idTicket, labelTicket, priceTicket, idShow, idTheater, idCustomer, statusCustomer)
VALUES (24, 'normalPriceTicket', 25.00, 4, 1, 62, 'normal');

INSERT INTO TICKETS (idTicket, labelTicket, priceTicket, idShow, idTheater, idCustomer, statusCustomer)
VALUES (25, 'reducedPriceTicket', 10.00, 4, 1, 14, 'child');

INSERT INTO TICKETS (idTicket, labelTicket, priceTicket, idShow, idTheater, idCustomer, statusCustomer)
VALUES (26, 'reducedPriceTicket', 15.00, 4, 1, 15, 'student');

INSERT INTO TICKETS (idTicket, labelTicket, priceTicket, idShow, idTheater, idCustomer, statusCustomer)
VALUES (27, 'reducedPriceTicket', 20.00, 8, 2, 21, 'elderly');

INSERT INTO TICKETS (idTicket, labelTicket, priceTicket, idShow, idTheater, idCustomer, statusCustomer)
VALUES (28, 'reducedPriceTicket', 10.00, 8, 2, 89, 'child');

INSERT INTO TICKETS (idTicket, labelTicket, priceTicket, idShow, idTheater, idCustomer, statusCustomer)
VALUES (29, 'reducedPriceTicket', 20.00, 8, 2, 90, 'elderly');

INSERT INTO TICKETS (idTicket, labelTicket, priceTicket, idShow, idTheater, idCustomer, statusCustomer)
VALUES (30, 'reducedPriceTicket', 20.00, 8, 2, 94, 'elderly');

INSERT INTO TICKETS (idTicket, labelTicket, priceTicket, idShow, idTheater, idCustomer, statusCustomer)
VALUES (31, 'normalPriceTicket', 25.00, 8, 2, 45, 'normal');

INSERT INTO TICKETS (idTicket, labelTicket, priceTicket, idShow, idTheater, idCustomer, statusCustomer)
VALUES (32, 'reducedPriceTicket', 20.00, 8, 2, 51, 'elderly');

INSERT INTO TICKETS (idTicket, labelTicket, priceTicket, idShow, idTheater, idCustomer, statusCustomer)
VALUES (33, 'reducedPriceTicket', 10.00, 8, 2, 76, 'child');

INSERT INTO TICKETS (idTicket, labelTicket, priceTicket, idShow, idTheater, idCustomer, statusCustomer)
VALUES (34, 'reducedPriceTicket', 20.00, 8, 2, 75, 'elderly');

INSERT INTO TICKETS (idTicket, labelTicket, priceTicket, idShow, idTheater, idCustomer, statusCustomer)
VALUES (35, 'reducedPriceTicket', 20.00, 8, 2, 74, 'elderly');

INSERT INTO TICKETS (idTicket, labelTicket, priceTicket, idShow, idTheater, idCustomer, statusCustomer)
VALUES (36, 'reducedPriceTicket', 15.00, 8, 2, 80, 'student');

INSERT INTO TICKETS (idTicket, labelTicket, priceTicket, idShow, idTheater, idCustomer, statusCustomer)
VALUES (37, 'normalPriceTicket', 25.00, 8, 2, 81, 'normal');

INSERT INTO TICKETS (idTicket, labelTicket, priceTicket, idShow, idTheater, idCustomer, statusCustomer)
VALUES (38, 'normalPriceTicket', 25.00, 9, 2, 82, 'normal');

INSERT INTO TICKETS (idTicket, labelTicket, priceTicket, idShow, idTheater, idCustomer, statusCustomer)
VALUES (39, 'reducedPriceTicket', 20.00, 9, 2, 83, 'elderly');

INSERT INTO TICKETS (idTicket, labelTicket, priceTicket, idShow, idTheater, idCustomer, statusCustomer)
VALUES (40, 'normalPriceTicket', 25.00, 9, 2, 84, 'normal');

INSERT INTO TICKETS (idTicket, labelTicket, priceTicket, idShow, idTheater, idCustomer, statusCustomer)
VALUES (41, 'normalPriceTicket', 25.00, 14, 3, 1, 'normal');

INSERT INTO TICKETS (idTicket, labelTicket, priceTicket, idShow, idTheater, idCustomer, statusCustomer)
VALUES (42, 'normalPriceTicket', 25.00, 14, 3, 2, 'normal');

INSERT INTO TICKETS (idTicket, labelTicket, priceTicket, idShow, idTheater, idCustomer, statusCustomer)
VALUES (43, 'reducedPriceTicket', 10.00, 14, 3, 3, 'child');

INSERT INTO TICKETS (idTicket, labelTicket, priceTicket, idShow, idTheater, idCustomer, statusCustomer)
VALUES (44, 'reducedPriceTicket', 10.00, 14, 3, 4, 'child');

INSERT INTO TICKETS (idTicket, labelTicket, priceTicket, idShow, idTheater, idCustomer, statusCustomer)
VALUES (45, 'reducedPriceTicket', 15.00, 14, 3, 5, 'student');

INSERT INTO TICKETS (idTicket, labelTicket, priceTicket, idShow, idTheater, idCustomer, statusCustomer)
VALUES (46, 'reducedPriceTicket', 15.00, 14, 3, 6, 'student');

INSERT INTO TICKETS (idTicket, labelTicket, priceTicket, idShow, idTheater, idCustomer, statusCustomer)
VALUES (47, 'reducedPriceTicket', 15.00, 14, 3, 7, 'unemployed');

INSERT INTO TICKETS (idTicket, labelTicket, priceTicket, idShow, idTheater, idCustomer, statusCustomer)
VALUES (48, 'reducedPriceTicket', 15.00, 14, 3, 8, 'unemployed');

INSERT INTO TICKETS (idTicket, labelTicket, priceTicket, idShow, idTheater, idCustomer, statusCustomer)
VALUES (49, 'reducedPriceTicket', 20.00, 16, 3, 9, 'elderly');

INSERT INTO TICKETS (idTicket, labelTicket, priceTicket, idShow, idTheater, idCustomer, statusCustomer)
VALUES (50, 'reducedPriceTicket', 20.00, 16, 3, 10, 'elderly');

INSERT INTO TICKETS (idTicket, labelTicket, priceTicket, idShow, idTheater, idCustomer, statusCustomer)
VALUES (51, 'normalPriceTicket', 25.00, 16, 3, 11, 'normal');

INSERT INTO TICKETS (idTicket, labelTicket, priceTicket, idShow, idTheater, idCustomer, statusCustomer)
VALUES (52, 'normalPriceTicket', 25.00, 19, 3, 12, 'normal');

INSERT INTO TICKETS (idTicket, labelTicket, priceTicket, idShow, idTheater, idCustomer, statusCustomer)
VALUES (53, 'reducedPriceTicket', 10.00, 19, 3, 13, 'child');

INSERT INTO TICKETS (idTicket, labelTicket, priceTicket, idShow, idTheater, idCustomer, statusCustomer)
VALUES (54, 'reducedPriceTicket', 10.00, 19, 3, 14, 'child');

INSERT INTO TICKETS (idTicket, labelTicket, priceTicket, idShow, idTheater, idCustomer, statusCustomer)
VALUES (55, 'reducedPriceTicket', 15.00, 19, 3, 15, 'student');

INSERT INTO TICKETS (idTicket, labelTicket, priceTicket, idShow, idTheater, idCustomer, statusCustomer)
VALUES (56, 'reducedPriceTicket', 15.00, 19, 3, 16, 'student');

INSERT INTO TICKETS (idTicket, labelTicket, priceTicket, idShow, idTheater, idCustomer, statusCustomer)
VALUES (57, 'reducedPriceTicket', 15.00, 19, 3, 17, 'unemployed');

INSERT INTO TICKETS (idTicket, labelTicket, priceTicket, idShow, idTheater, idCustomer, statusCustomer)
VALUES (58, 'normalPriceTicket', 25.00, 19, 3, 99, 'normal');

INSERT INTO TICKETS (idTicket, labelTicket, priceTicket, idShow, idTheater, idCustomer, statusCustomer)
VALUES (59, 'reducedPriceTicket', 15.00, 19, 3, 18, 'unemployed');

INSERT INTO TICKETS (idTicket, labelTicket, priceTicket, idShow, idTheater, idCustomer, statusCustomer)
VALUES (60, 'reducedPriceTicket', 20.00, 20, 3, 19, 'elderly');

INSERT INTO TICKETS (idTicket, labelTicket, priceTicket, idShow, idTheater, idCustomer, statusCustomer)
VALUES (61, 'reducedPriceTicket', 20.00, 23, 4, 20, 'elderly');

INSERT INTO TICKETS (idTicket, labelTicket, priceTicket, idShow, idTheater, idCustomer, statusCustomer)
VALUES (62, 'reducedPriceTicket', 20.00, 23, 4, 21, 'elderly');

INSERT INTO TICKETS (idTicket, labelTicket, priceTicket, idShow, idTheater, idCustomer, statusCustomer)
VALUES (63, 'reducedPriceTicket', 15.00, 23, 4, 22, 'unemployed');

INSERT INTO TICKETS (idTicket, labelTicket, priceTicket, idShow, idTheater, idCustomer, statusCustomer)
VALUES (64, 'reducedPriceTicket', 20.00, 23, 4, 23, 'elderly');

INSERT INTO TICKETS (idTicket, labelTicket, priceTicket, idShow, idTheater, idCustomer, statusCustomer)
VALUES (65, 'reducedPriceTicket', 15.00, 24, 4, 24, 'student');

INSERT INTO TICKETS (idTicket, labelTicket, priceTicket, idShow, idTheater, idCustomer, statusCustomer)
VALUES (66, 'reducedPriceTicket', 20.00, 24, 4, 25, 'elderly');

INSERT INTO TICKETS (idTicket, labelTicket, priceTicket, idShow, idTheater, idCustomer, statusCustomer)
VALUES (67, 'reducedPriceTicket', 20.00, 24, 4, 26, 'elderly');

INSERT INTO TICKETS (idTicket, labelTicket, priceTicket, idShow, idTheater, idCustomer, statusCustomer)
VALUES (68, 'normalPriceTicket', 25.00, 24, 4, 27, 'normal');

INSERT INTO TICKETS (idTicket, labelTicket, priceTicket, idShow, idTheater, idCustomer, statusCustomer)
VALUES (69, 'normalPriceTicket', 25.00, 24, 4, 28, 'normal');

INSERT INTO TICKETS (idTicket, labelTicket, priceTicket, idShow, idTheater, idCustomer, statusCustomer)
VALUES (70, 'reducedPriceTicket', 20.00, 24, 4, 29, 'elderly');

INSERT INTO TICKETS (idTicket, labelTicket, priceTicket, idShow, idTheater, idCustomer, statusCustomer)
VALUES (71, 'reducedPriceTicket', 20.00, 24, 4, 30, 'elderly');

INSERT INTO TICKETS (idTicket, labelTicket, priceTicket, idShow, idTheater, idCustomer, statusCustomer)
VALUES (72, 'reducedPriceTicket', 20.00, 24, 4, 31, 'elderly');

INSERT INTO TICKETS (idTicket, labelTicket, priceTicket, idShow, idTheater, idCustomer, statusCustomer)
VALUES (73, 'normalPriceTicket', 25.00, 24, 4, 32, 'normal');

INSERT INTO TICKETS (idTicket, labelTicket, priceTicket, idShow, idTheater, idCustomer, statusCustomer)
VALUES (74, 'reducedPriceTicket', 15.00, 24, 4, 33, 'student');

INSERT INTO TICKETS (idTicket, labelTicket, priceTicket, idShow, idTheater, idCustomer, statusCustomer)
VALUES (75, 'reducedPriceTicket', 10.00, 24, 4, 34, 'child');

INSERT INTO TICKETS (idTicket, labelTicket, priceTicket, idShow, idTheater, idCustomer, statusCustomer)
VALUES (76, 'reducedPriceTicket', 20.00, 24, 4, 35, 'elderly');

INSERT INTO TICKETS (idTicket, labelTicket, priceTicket, idShow, idTheater, idCustomer, statusCustomer)
VALUES (77, 'normalPriceTicket', 25.00, 25, 4, 36, 'normal');

INSERT INTO TICKETS (idTicket, labelTicket, priceTicket, idShow, idTheater, idCustomer, statusCustomer)
VALUES (78, 'reducedPriceTicket', 20.00, 25, 4, 37, 'elderly');

INSERT INTO TICKETS (idTicket, labelTicket, priceTicket, idShow, idTheater, idCustomer, statusCustomer)
VALUES (79, 'reducedPriceTicket', 20.00, 25, 4, 38, 'elderly');

INSERT INTO TICKETS (idTicket, labelTicket, priceTicket, idShow, idTheater, idCustomer, statusCustomer)
VALUES (80, 'normalPriceTicket', 25.00, 25, 4, 39, 'normal');

INSERT INTO TICKETS (idTicket, labelTicket, priceTicket, idShow, idTheater, idCustomer, statusCustomer)
VALUES (81, 'normalPriceTicket', 25.00, 27, 5, 40, 'normal');

INSERT INTO TICKETS (idTicket, labelTicket, priceTicket, idShow, idTheater, idCustomer, statusCustomer)
VALUES (82, 'reducedPriceTicket', 20.00, 27, 5, 41, 'elderly');

INSERT INTO TICKETS (idTicket, labelTicket, priceTicket, idShow, idTheater, idCustomer, statusCustomer)
VALUES (83, 'normalPriceTicket', 25.00, 27, 5, 42, 'normal');

INSERT INTO TICKETS (idTicket, labelTicket, priceTicket, idShow, idTheater, idCustomer, statusCustomer)
VALUES (84, 'normalPriceTicket', 25.00, 29, 5, 43, 'normal');

INSERT INTO TICKETS (idTicket, labelTicket, priceTicket, idShow, idTheater, idCustomer, statusCustomer)
VALUES (85, 'reducedPriceTicket', 20.00, 29, 5, 44, 'elderly');

INSERT INTO TICKETS (idTicket, labelTicket, priceTicket, idShow, idTheater, idCustomer, statusCustomer)
VALUES (86, 'normalPriceTicket', 25.00, 29, 5, 45, 'normal');

INSERT INTO TICKETS (idTicket, labelTicket, priceTicket, idShow, idTheater, idCustomer, statusCustomer)
VALUES (87, 'reducedPriceTicket', 20.00, 29, 5, 46, 'elderly');

INSERT INTO TICKETS (idTicket, labelTicket, priceTicket, idShow, idTheater, idCustomer, statusCustomer)
VALUES (88, 'reducedPriceTicket', 10.00, 29, 5, 47, 'child');

INSERT INTO TICKETS (idTicket, labelTicket, priceTicket, idShow, idTheater, idCustomer, statusCustomer)
VALUES (89, 'reducedPriceTicket', 10.00, 29, 5, 48, 'child');

INSERT INTO TICKETS (idTicket, labelTicket, priceTicket, idShow, idTheater, idCustomer, statusCustomer)
VALUES (90, 'reducedPriceTicket', 20.00, 30, 5, 49, 'elderly');

INSERT INTO TICKETS (idTicket, labelTicket, priceTicket, idShow, idTheater, idCustomer, statusCustomer)
VALUES (91, 'reducedPriceTicket', 20.00, 30, 5, 50, 'elderly');

INSERT INTO TICKETS (idTicket, labelTicket, priceTicket, idShow, idTheater, idCustomer, statusCustomer)
VALUES (92, 'reducedPriceTicket', 20.00, 30, 5, 51, 'elderly');

INSERT INTO TICKETS (idTicket, labelTicket, priceTicket, idShow, idTheater, idCustomer, statusCustomer)
VALUES (93, 'reducedPriceTicket', 20.00, 30, 5, 52, 'elderly');

INSERT INTO TICKETS (idTicket, labelTicket, priceTicket, idShow, idTheater, idCustomer, statusCustomer)
VALUES (94, 'reducedPriceTicket', 20.00, 30, 5, 53, 'elderly');

INSERT INTO TICKETS (idTicket, labelTicket, priceTicket, idShow, idTheater, idCustomer, statusCustomer)
VALUES (95, 'reducedPriceTicket', 20.00, 30, 5, 54, 'elderly');

INSERT INTO TICKETS (idTicket, labelTicket, priceTicket, idShow, idTheater, idCustomer, statusCustomer)
VALUES (96, 'reducedPriceTicket', 20.00, 30, 5, 55, 'elderly');

INSERT INTO TICKETS (idTicket, labelTicket, priceTicket, idShow, idTheater, idCustomer, statusCustomer)
VALUES (97, 'normalPriceTicket', 25.00, 30, 5, 56, 'normal');

INSERT INTO TICKETS (idTicket, labelTicket, priceTicket, idShow, idTheater, idCustomer, statusCustomer)
VALUES (98, 'reducedPriceTicket', 20.00, 30, 5, 57, 'elderly');

INSERT INTO TICKETS (idTicket, labelTicket, priceTicket, idShow, idTheater, idCustomer, statusCustomer)
VALUES (99, 'normalPriceTicket', 25.00, 30, 5, 58, 'normal');

INSERT INTO TICKETS (idTicket, labelTicket, priceTicket, idShow, idTheater, idCustomer, statusCustomer)
VALUES (100, 'normalPriceTicket', 25.00, 30, 5, 59, 'normal');


-- DONATION ############################################

INSERT INTO DONATION (idDonator, idTheater, priceDonation, durationDonation)
VALUES (1, 1, 4500, 36);

INSERT INTO DONATION (idDonator, idTheater, priceDonation, durationDonation)
VALUES (1, 5, 5000, 32);

INSERT INTO DONATION (idDonator, idTheater, priceDonation, durationDonation)
VALUES (2, 1, 8000, 17);

INSERT INTO DONATION (idDonator, idTheater, priceDonation, durationDonation)
VALUES (2, 2, 8000, 15);

INSERT INTO DONATION (idDonator, idTheater, priceDonation, durationDonation)
VALUES (2, 3, 8500, 22);

INSERT INTO DONATION (idDonator, idTheater, priceDonation, durationDonation)
VALUES (3, 1, 6000, 30);

INSERT INTO DONATION (idDonator, idTheater, priceDonation, durationDonation)
VALUES (4, 4, 150000, 1);

INSERT INTO DONATION (idDonator, idTheater, priceDonation, durationDonation)
VALUES (5, 4, 85000, 1);

INSERT INTO DONATION (idDonator, idTheater, priceDonation, durationDonation)
VALUES (6, 5, 125000, 2);

INSERT INTO DONATION (idDonator, idTheater, priceDonation, durationDonation)
VALUES (7, 2, 5000, 18);

INSERT INTO DONATION (idDonator, idTheater, priceDonation, durationDonation)
VALUES (7, 3, 4800, 19);

INSERT INTO DONATION (idDonator, idTheater, priceDonation, durationDonation)
VALUES (9, 1, 200000, 1);

INSERT INTO DONATION (idDonator, idTheater, priceDonation, durationDonation)
VALUES (10, 2, 3500, 37);

INSERT INTO DONATION (idDonator, idTheater, priceDonation, durationDonation)
VALUES (10, 5, 2800, 28);

INSERT INTO DONATION (idDonator, idTheater, priceDonation, durationDonation)
VALUES (11, 4, 3698, 60);


-- PAYMENT_DATE ############################################

INSERT INTO PAYMENT_DATE (dat, idTicket, priceTicket, idShow, idTheater)
VALUES ('29-02-2012', 1, 25.00, 1, 1);

INSERT INTO PAYMENT_DATE (dat, idTicket, priceTicket, idShow, idTheater)
VALUES ('05-06-2013', 2, 25.00, 1, 1);

INSERT INTO PAYMENT_DATE (dat, idTicket, priceTicket, idShow, idTheater)
VALUES ('15-07-2014', 3, 10.00, 1, 1);

INSERT INTO PAYMENT_DATE (dat, idTicket, priceTicket, idShow, idTheater)
VALUES ('14-01-2015', 4, 20.00, 1, 1);

INSERT INTO PAYMENT_DATE (dat, idTicket, priceTicket, idShow, idTheater)
VALUES ('11-05-2017', 5, 25.00, 1, 1);

INSERT INTO PAYMENT_DATE (dat, idTicket, priceTicket, idShow, idTheater)
VALUES ('10-02-2016', 6, 10.00, 1, 1);

INSERT INTO PAYMENT_DATE (dat, idTicket, priceTicket, idShow, idTheater)
VALUES ('13-03-2016', 7, 15.00, 1, 1);

INSERT INTO PAYMENT_DATE (dat, idTicket, priceTicket, idShow, idTheater)
VALUES ('17-09-2016', 8, 15.00, 1, 1);

INSERT INTO PAYMENT_DATE (dat, idTicket, priceTicket, idShow, idTheater)
VALUES ('09-04-2017', 9, 15.00, 1, 1);

INSERT INTO PAYMENT_DATE (dat, idTicket, priceTicket, idShow, idTheater)
VALUES ('11-05-2017', 10, 15.00, 2, 1);

INSERT INTO PAYMENT_DATE (dat, idTicket, priceTicket, idShow, idTheater)
VALUES ('17-06-2017', 11, 15.00, 2, 1);

INSERT INTO PAYMENT_DATE (dat, idTicket, priceTicket, idShow, idTheater)
VALUES ('12-03-2018', 12, 20.00, 2, 1);

INSERT INTO PAYMENT_DATE (dat, idTicket, priceTicket, idShow, idTheater)
VALUES ('19-06-2018', 13, 15.00, 2, 1);

INSERT INTO PAYMENT_DATE (dat, idTicket, priceTicket, idShow, idTheater)
VALUES ('13-11-2018', 14, 20.00, 2, 1);

INSERT INTO PAYMENT_DATE (dat, idTicket, priceTicket, idShow, idTheater)
VALUES ('14-05-2019', 15, 20.00, 4, 1);

INSERT INTO PAYMENT_DATE (dat, idTicket, priceTicket, idShow, idTheater)
VALUES ('23-07-2019', 16, 20.00, 4, 1);

INSERT INTO PAYMENT_DATE (dat, idTicket, priceTicket, idShow, idTheater)
VALUES ('17-11-2019', 17, 20.00, 4, 1);

INSERT INTO PAYMENT_DATE (dat, idTicket, priceTicket, idShow, idTheater)
VALUES ('04-01-2020', 18, 15.00, 4, 1);

INSERT INTO PAYMENT_DATE (dat, idTicket, priceTicket, idShow, idTheater)
VALUES ('05-02-2020', 19, 20.00, 4, 1);

INSERT INTO PAYMENT_DATE (dat, idTicket, priceTicket, idShow, idTheater)
VALUES ('06-03-2020', 20, 10.00, 4, 1);

INSERT INTO PAYMENT_DATE (dat, idTicket, priceTicket, idShow, idTheater)
VALUES ('20-05-2021', 21, 20.00, 4, 1);

INSERT INTO PAYMENT_DATE (dat, idTicket, priceTicket, idShow, idTheater)
VALUES ('22-07-2021', 22, 20.00, 4, 1);

INSERT INTO PAYMENT_DATE (dat, idTicket, priceTicket, idShow, idTheater)
VALUES ('12-08-2021', 23, 25.00, 4, 1);

INSERT INTO PAYMENT_DATE (dat, idTicket, priceTicket, idShow, idTheater)
VALUES ('28-01-2012', 24, 25.00, 4, 1);

INSERT INTO PAYMENT_DATE (dat, idTicket, priceTicket, idShow, idTheater)
VALUES ('19-04-2012', 25, 10.00, 4, 1);

INSERT INTO PAYMENT_DATE (dat, idTicket, priceTicket, idShow, idTheater)
VALUES ('22-02-2012', 26, 15.00, 4, 1);

INSERT INTO PAYMENT_DATE (dat, idTicket, priceTicket, idShow, idTheater)
VALUES ('25-02-2013', 27, 20.00, 8, 2);

INSERT INTO PAYMENT_DATE (dat, idTicket, priceTicket, idShow, idTheater)
VALUES ('03-05-2013', 28, 10.00, 8, 2);

INSERT INTO PAYMENT_DATE (dat, idTicket, priceTicket, idShow, idTheater)
VALUES ('06-06-2013', 29, 20.00, 8, 2);

INSERT INTO PAYMENT_DATE (dat, idTicket, priceTicket, idShow, idTheater)
VALUES ('31-01-2014', 30, 20.00, 8, 2);

INSERT INTO PAYMENT_DATE (dat, idTicket, priceTicket, idShow, idTheater)
VALUES ('29-04-2014', 31, 25.00, 8, 2);

INSERT INTO PAYMENT_DATE (dat, idTicket, priceTicket, idShow, idTheater)
VALUES ('16-07-2014', 32, 20.00, 8, 2);

INSERT INTO PAYMENT_DATE (dat, idTicket, priceTicket, idShow, idTheater)
VALUES ('15-01-2015', 33, 10.00, 8, 2);

INSERT INTO PAYMENT_DATE (dat, idTicket, priceTicket, idShow, idTheater)
VALUES ('19-02-2015', 34, 20.00, 8, 2);

INSERT INTO PAYMENT_DATE (dat, idTicket, priceTicket, idShow, idTheater)
VALUES ('21-08-2015', 35, 20.00, 8, 2);

INSERT INTO PAYMENT_DATE (dat, idTicket, priceTicket, idShow, idTheater)
VALUES ('11-02-2016', 36, 15.00, 8, 2);

INSERT INTO PAYMENT_DATE (dat, idTicket, priceTicket, idShow, idTheater)
VALUES ('14-03-2016', 37, 25.00, 8, 2);

INSERT INTO PAYMENT_DATE (dat, idTicket, priceTicket, idShow, idTheater)
VALUES ('18-09-2016', 38, 25.00, 9, 2);

INSERT INTO PAYMENT_DATE (dat, idTicket, priceTicket, idShow, idTheater)
VALUES ('07-04-2017', 39, 20.00, 9, 2);

INSERT INTO PAYMENT_DATE (dat, idTicket, priceTicket, idShow, idTheater)
VALUES ('10-05-2017', 40, 25.00, 9, 2);

INSERT INTO PAYMENT_DATE (dat, idTicket, priceTicket, idShow, idTheater)
VALUES ('18-06-2017', 41, 25.00, 14, 3);

INSERT INTO PAYMENT_DATE (dat, idTicket, priceTicket, idShow, idTheater)
VALUES ('13-03-2018', 42, 25.00, 14, 3);

INSERT INTO PAYMENT_DATE (dat, idTicket, priceTicket, idShow, idTheater)
VALUES ('18-06-2018', 43, 10.00, 14, 3);

INSERT INTO PAYMENT_DATE (dat, idTicket, priceTicket, idShow, idTheater)
VALUES ('14-11-2018', 44, 10.00, 14, 3);

INSERT INTO PAYMENT_DATE (dat, idTicket, priceTicket, idShow, idTheater)
VALUES ('15-05-2019', 45, 15.00, 14, 3);

INSERT INTO PAYMENT_DATE (dat, idTicket, priceTicket, idShow, idTheater)
VALUES ('24-07-2019', 46, 15.00, 14, 3);

INSERT INTO PAYMENT_DATE (dat, idTicket, priceTicket, idShow, idTheater)
VALUES ('18-11-2019', 47, 15.00, 14, 3);

INSERT INTO PAYMENT_DATE (dat, idTicket, priceTicket, idShow, idTheater)
VALUES ('05-01-2020', 48, 15.00, 14, 3);

INSERT INTO PAYMENT_DATE (dat, idTicket, priceTicket, idShow, idTheater)
VALUES ('06-02-2020', 49, 20.00, 16, 3);

INSERT INTO PAYMENT_DATE (dat, idTicket, priceTicket, idShow, idTheater)
VALUES ('07-03-2020', 50, 20.00, 16, 3);

INSERT INTO PAYMENT_DATE (dat, idTicket, priceTicket, idShow, idTheater)
VALUES ('21-05-2021', 51, 25.00, 16, 3);

INSERT INTO PAYMENT_DATE (dat, idTicket, priceTicket, idShow, idTheater)
VALUES ('23-07-2021', 52, 25.00, 19, 3);

INSERT INTO PAYMENT_DATE (dat, idTicket, priceTicket, idShow, idTheater)
VALUES ('13-08-2021', 53, 10.00, 19, 3);

INSERT INTO PAYMENT_DATE (dat, idTicket, priceTicket, idShow, idTheater)
VALUES ('29-02-2012', 54, 10.00, 19, 3);

INSERT INTO PAYMENT_DATE (dat, idTicket, priceTicket, idShow, idTheater)
VALUES ('18-03-2012', 55, 15.00, 19, 3);

INSERT INTO PAYMENT_DATE (dat, idTicket, priceTicket, idShow, idTheater)
VALUES ('23-03-2012', 56, 15.00, 19, 3);

INSERT INTO PAYMENT_DATE (dat, idTicket, priceTicket, idShow, idTheater)
VALUES ('24-02-2013', 57, 15.00, 19, 3);

INSERT INTO PAYMENT_DATE (dat, idTicket, priceTicket, idShow, idTheater)
VALUES ('02-05-2013', 58, 25.00, 19, 3);

INSERT INTO PAYMENT_DATE (dat, idTicket, priceTicket, idShow, idTheater)
VALUES ('05-06-2013', 59, 15.00, 19, 3);

INSERT INTO PAYMENT_DATE (dat, idTicket, priceTicket, idShow, idTheater)
VALUES ('30-01-2014', 60, 20.00, 20, 3);

INSERT INTO PAYMENT_DATE (dat, idTicket, priceTicket, idShow, idTheater)
VALUES ('28-04-2014', 61, 20.00, 23, 4);

INSERT INTO PAYMENT_DATE (dat, idTicket, priceTicket, idShow, idTheater)
VALUES ('15-07-2014', 62, 20.00, 23, 4);

INSERT INTO PAYMENT_DATE (dat, idTicket, priceTicket, idShow, idTheater)
VALUES ('14-01-2015', 63, 15.00, 23, 4);

INSERT INTO PAYMENT_DATE (dat, idTicket, priceTicket, idShow, idTheater)
VALUES ('18-02-2015', 64, 20.00, 23, 4);

INSERT INTO PAYMENT_DATE (dat, idTicket, priceTicket, idShow, idTheater)
VALUES ('20-08-2015', 65, 15.00, 24, 4);

INSERT INTO PAYMENT_DATE (dat, idTicket, priceTicket, idShow, idTheater)
VALUES ('10-02-2016', 66, 20.00, 24, 4);

INSERT INTO PAYMENT_DATE (dat, idTicket, priceTicket, idShow, idTheater)
VALUES ('13-03-2016', 67, 20.00, 24, 4);

INSERT INTO PAYMENT_DATE (dat, idTicket, priceTicket, idShow, idTheater)
VALUES ('17-09-2016', 68, 25.00, 24, 4);

INSERT INTO PAYMENT_DATE (dat, idTicket, priceTicket, idShow, idTheater)
VALUES ('09-04-2017', 69, 25.00, 24, 4);

INSERT INTO PAYMENT_DATE (dat, idTicket, priceTicket, idShow, idTheater)
VALUES ('11-05-2017', 70, 20.00, 24, 4);

INSERT INTO PAYMENT_DATE (dat, idTicket, priceTicket, idShow, idTheater)
VALUES ('17-06-2017', 71, 20.00, 24, 4);

INSERT INTO PAYMENT_DATE (dat, idTicket, priceTicket, idShow, idTheater)
VALUES ('12-03-2018', 72, 20.00, 24, 4);

INSERT INTO PAYMENT_DATE (dat, idTicket, priceTicket, idShow, idTheater)
VALUES ('19-06-2018', 73, 25.00, 24, 4);

INSERT INTO PAYMENT_DATE (dat, idTicket, priceTicket, idShow, idTheater)
VALUES ('13-11-2018', 74, 15.00, 24, 4);

INSERT INTO PAYMENT_DATE (dat, idTicket, priceTicket, idShow, idTheater)
VALUES ('14-05-2019', 75, 10.00, 24, 4);

INSERT INTO PAYMENT_DATE (dat, idTicket, priceTicket, idShow, idTheater)
VALUES ('23-07-2019', 76, 20.00, 24, 4);

INSERT INTO PAYMENT_DATE (dat, idTicket, priceTicket, idShow, idTheater)
VALUES ('17-11-2019', 77, 25.00, 25, 4);

INSERT INTO PAYMENT_DATE (dat, idTicket, priceTicket, idShow, idTheater)
VALUES ('04-01-2020', 78, 20.00, 25, 4);

INSERT INTO PAYMENT_DATE (dat, idTicket, priceTicket, idShow, idTheater)
VALUES ('05-02-2020', 79, 20.00, 25, 4);

INSERT INTO PAYMENT_DATE (dat, idTicket, priceTicket, idShow, idTheater)
VALUES ('06-03-2020', 80, 25.00, 25, 4);

INSERT INTO PAYMENT_DATE (dat, idTicket, priceTicket, idShow, idTheater)
VALUES ('20-05-2021', 81, 25.00, 27, 5);

INSERT INTO PAYMENT_DATE (dat, idTicket, priceTicket, idShow, idTheater)
VALUES ('22-07-2021', 82, 20.00, 27, 5);

INSERT INTO PAYMENT_DATE (dat, idTicket, priceTicket, idShow, idTheater)
VALUES ('12-08-2021', 83, 25.00, 27, 5);

INSERT INTO PAYMENT_DATE (dat, idTicket, priceTicket, idShow, idTheater)
VALUES ('28-01-2012', 84, 25.00, 29, 5);

INSERT INTO PAYMENT_DATE (dat, idTicket, priceTicket, idShow, idTheater)
VALUES ('19-04-2012', 85, 20.00, 29, 5);

INSERT INTO PAYMENT_DATE (dat, idTicket, priceTicket, idShow, idTheater)
VALUES ('22-02-2012', 86, 25.00, 29, 5);

INSERT INTO PAYMENT_DATE (dat, idTicket, priceTicket, idShow, idTheater)
VALUES ('25-02-2013', 87, 20.00, 29, 5);

INSERT INTO PAYMENT_DATE (dat, idTicket, priceTicket, idShow, idTheater)
VALUES ('03-05-2013', 88, 10.00, 29, 5);

INSERT INTO PAYMENT_DATE (dat, idTicket, priceTicket, idShow, idTheater)
VALUES ('06-06-2013', 89, 10.00, 29, 5);

INSERT INTO PAYMENT_DATE (dat, idTicket, priceTicket, idShow, idTheater)
VALUES ('31-01-2014', 90, 20.00, 30, 5);

INSERT INTO PAYMENT_DATE (dat, idTicket, priceTicket, idShow, idTheater)
VALUES ('29-04-2014', 91, 20.00, 30, 5);

INSERT INTO PAYMENT_DATE (dat, idTicket, priceTicket, idShow, idTheater)
VALUES ('16-07-2014', 92, 20.00, 30, 5);

INSERT INTO PAYMENT_DATE (dat, idTicket, priceTicket, idShow, idTheater)
VALUES ('15-01-2015', 93, 20.00, 30, 5);

INSERT INTO PAYMENT_DATE (dat, idTicket, priceTicket, idShow, idTheater)
VALUES ('19-02-2015', 94, 20.00, 30, 5);

INSERT INTO PAYMENT_DATE (dat, idTicket, priceTicket, idShow, idTheater)
VALUES ('21-08-2015', 95, 20.00, 30, 5);

INSERT INTO PAYMENT_DATE (dat, idTicket, priceTicket, idShow, idTheater)
VALUES ('11-02-2016', 96, 20.00, 30, 5);

INSERT INTO PAYMENT_DATE (dat, idTicket, priceTicket, idShow, idTheater)
VALUES ('14-03-2016', 97, 25.00, 30, 5);

INSERT INTO PAYMENT_DATE (dat, idTicket, priceTicket, idShow, idTheater)
VALUES ('18-09-2016', 98, 20.00, 30, 5);

INSERT INTO PAYMENT_DATE (dat, idTicket, priceTicket, idShow, idTheater)
VALUES ('07-04-2017', 99, 25.00, 30, 5);

INSERT INTO PAYMENT_DATE (dat, idTicket, priceTicket, idShow, idTheater)
VALUES ('10-05-2017', 100, 25.00, 30, 5);


-- TICKET_SHOW ############################################

INSERT INTO TICKET_SHOW (dat, idTicket, priceTicket, idShow, idTheaterCompany, idTheaterHall, hallCapacity)
VALUES ('03-03-2012', 1, 25.00, 1, 1, 1, 15);

INSERT INTO TICKET_SHOW (dat, idTicket, priceTicket, idShow, idTheaterCompany, idTheaterHall, hallCapacity)
VALUES ('07-06-2017', 2, 25.00, 1, 1, 1, 15);

INSERT INTO TICKET_SHOW (dat, idTicket, priceTicket, idShow, idTheaterCompany, idTheaterHall, hallCapacity)
VALUES ('07-06-2017', 3, 10.00, 1, 1, 1, 15);

INSERT INTO TICKET_SHOW (dat, idTicket, priceTicket, idShow, idTheaterCompany, idTheaterHall, hallCapacity)
VALUES ('07-06-2017', 4, 20.00, 1, 1, 1, 15);

INSERT INTO TICKET_SHOW (dat, idTicket, priceTicket, idShow, idTheaterCompany, idTheaterHall, hallCapacity)
VALUES ('07-06-2017', 5, 25.00, 1, 1, 1, 15);

INSERT INTO TICKET_SHOW (dat, idTicket, priceTicket, idShow, idTheaterCompany, idTheaterHall, hallCapacity)
VALUES ('07-06-2017', 6, 10.00, 1, 1, 1, 15);

INSERT INTO TICKET_SHOW (dat, idTicket, priceTicket, idShow, idTheaterCompany, idTheaterHall, hallCapacity)
VALUES ('07-06-2017', 7, 15.00, 1, 1, 1, 15);

INSERT INTO TICKET_SHOW (dat, idTicket, priceTicket, idShow, idTheaterCompany, idTheaterHall, hallCapacity)
VALUES ('07-06-2017', 8, 15.00, 1, 1, 1, 15);

INSERT INTO TICKET_SHOW (dat, idTicket, priceTicket, idShow, idTheaterCompany, idTheaterHall, hallCapacity)
VALUES ('07-06-2017', 9, 15.00, 1, 1, 1, 15);

INSERT INTO TICKET_SHOW (dat, idTicket, priceTicket, idShow, idTheaterCompany, idTheaterHall, hallCapacity)
VALUES ('07-06-2017', 10, 15.00, 2, 1, 1, 15);

INSERT INTO TICKET_SHOW (dat, idTicket, priceTicket, idShow, idTheaterCompany, idTheaterHall, hallCapacity)
VALUES ('13-12-2018', 11, 15.00, 2, 1, 5, 25);

INSERT INTO TICKET_SHOW (dat, idTicket, priceTicket, idShow, idTheaterCompany, idTheaterHall, hallCapacity)
VALUES ('13-12-2018', 12, 20.00, 2, 1, 5, 25);

INSERT INTO TICKET_SHOW (dat, idTicket, priceTicket, idShow, idTheaterCompany, idTheaterHall, hallCapacity)
VALUES ('13-12-2018', 13, 15.00, 2, 1, 5, 25);

INSERT INTO TICKET_SHOW (dat, idTicket, priceTicket, idShow, idTheaterCompany, idTheaterHall, hallCapacity)
VALUES ('13-12-2018', 14, 20.00, 2, 1, 5, 25);

INSERT INTO TICKET_SHOW (dat, idTicket, priceTicket, idShow, idTheaterCompany, idTheaterHall, hallCapacity)
VALUES ('07-04-2020', 15, 20.00, 4, 1, 4, 17);

INSERT INTO TICKET_SHOW (dat, idTicket, priceTicket, idShow, idTheaterCompany, idTheaterHall, hallCapacity)
VALUES ('07-04-2020', 16, 20.00, 4, 1, 4, 17);

INSERT INTO TICKET_SHOW (dat, idTicket, priceTicket, idShow, idTheaterCompany, idTheaterHall, hallCapacity)
VALUES ('07-04-2020', 17, 20.00, 4, 1, 4, 17);

INSERT INTO TICKET_SHOW (dat, idTicket, priceTicket, idShow, idTheaterCompany, idTheaterHall, hallCapacity)
VALUES ('07-04-2020', 18, 15.00, 4, 1, 4, 17);

INSERT INTO TICKET_SHOW (dat, idTicket, priceTicket, idShow, idTheaterCompany, idTheaterHall, hallCapacity)
VALUES ('07-04-2020', 19, 20.00, 4, 1, 4, 17);

INSERT INTO TICKET_SHOW (dat, idTicket, priceTicket, idShow, idTheaterCompany, idTheaterHall, hallCapacity)
VALUES ('23-07-2012', 20, 10.00, 4, 1, 4, 17);

INSERT INTO TICKET_SHOW (dat, idTicket, priceTicket, idShow, idTheaterCompany, idTheaterHall, hallCapacity)
VALUES ('23-07-2012', 21, 20.00, 4, 1, 4, 17);

INSERT INTO TICKET_SHOW (dat, idTicket, priceTicket, idShow, idTheaterCompany, idTheaterHall, hallCapacity)
VALUES ('23-07-2012', 22, 20.00, 4, 1, 4, 17);

INSERT INTO TICKET_SHOW (dat, idTicket, priceTicket, idShow, idTheaterCompany, idTheaterHall, hallCapacity)
VALUES ('23-07-2012', 23, 25.00, 4, 1, 4, 17);

INSERT INTO TICKET_SHOW (dat, idTicket, priceTicket, idShow, idTheaterCompany, idTheaterHall, hallCapacity)
VALUES ('23-07-2012', 24, 25.00, 4, 1, 4, 17);

INSERT INTO TICKET_SHOW (dat, idTicket, priceTicket, idShow, idTheaterCompany, idTheaterHall, hallCapacity)
VALUES ('23-07-2012', 25, 10.00, 4, 1, 4, 17);

INSERT INTO TICKET_SHOW (dat, idTicket, priceTicket, idShow, idTheaterCompany, idTheaterHall, hallCapacity)
VALUES ('23-07-2012', 26, 15.00, 4, 1, 4, 17);

INSERT INTO TICKET_SHOW (dat, idTicket, priceTicket, idShow, idTheaterCompany, idTheaterHall, hallCapacity)
VALUES ('06-06-2013', 27, 20.00, 8, 2, 3, 54);

INSERT INTO TICKET_SHOW (dat, idTicket, priceTicket, idShow, idTheaterCompany, idTheaterHall, hallCapacity)
VALUES ('06-06-2013', 28, 10.00, 8, 2, 3, 54);

INSERT INTO TICKET_SHOW (dat, idTicket, priceTicket, idShow, idTheaterCompany, idTheaterHall, hallCapacity)
VALUES ('06-06-2013', 29, 20.00, 8, 2, 3, 54);

INSERT INTO TICKET_SHOW (dat, idTicket, priceTicket, idShow, idTheaterCompany, idTheaterHall, hallCapacity)
VALUES ('18-03-2016', 30, 20.00, 8, 2, 3, 54);

INSERT INTO TICKET_SHOW (dat, idTicket, priceTicket, idShow, idTheaterCompany, idTheaterHall, hallCapacity)
VALUES ('18-03-2016', 31, 25.00, 8, 2, 3, 54);

INSERT INTO TICKET_SHOW (dat, idTicket, priceTicket, idShow, idTheaterCompany, idTheaterHall, hallCapacity)
VALUES ('18-03-2016', 32, 20.00, 8, 2, 3, 54);

INSERT INTO TICKET_SHOW (dat, idTicket, priceTicket, idShow, idTheaterCompany, idTheaterHall, hallCapacity)
VALUES ('18-03-2016', 33, 10.00, 8, 2, 3, 54);

INSERT INTO TICKET_SHOW (dat, idTicket, priceTicket, idShow, idTheaterCompany, idTheaterHall, hallCapacity)
VALUES ('18-03-2016', 34, 20.00, 8, 2, 3, 54);

INSERT INTO TICKET_SHOW (dat, idTicket, priceTicket, idShow, idTheaterCompany, idTheaterHall, hallCapacity)
VALUES ('18-03-2016', 35, 20.00, 8, 2, 3, 54);

INSERT INTO TICKET_SHOW (dat, idTicket, priceTicket, idShow, idTheaterCompany, idTheaterHall, hallCapacity)
VALUES ('18-03-2016', 36, 15.00, 8, 2, 3, 54);

INSERT INTO TICKET_SHOW (dat, idTicket, priceTicket, idShow, idTheaterCompany, idTheaterHall, hallCapacity)
VALUES ('18-03-2016', 37, 25.00, 8, 2, 3, 54);

INSERT INTO TICKET_SHOW (dat, idTicket, priceTicket, idShow, idTheaterCompany, idTheaterHall, hallCapacity)
VALUES ('17-05-2017', 38, 25.00, 9, 2, 2, 33);

INSERT INTO TICKET_SHOW (dat, idTicket, priceTicket, idShow, idTheaterCompany, idTheaterHall, hallCapacity)
VALUES ('17-05-2017', 39, 20.00, 9, 2, 2, 33);

INSERT INTO TICKET_SHOW (dat, idTicket, priceTicket, idShow, idTheaterCompany, idTheaterHall, hallCapacity)
VALUES ('17-05-2017', 40, 25.00, 9, 2, 2, 33);

INSERT INTO TICKET_SHOW (dat, idTicket, priceTicket, idShow, idTheaterCompany, idTheaterHall, hallCapacity)
VALUES ('17-12-2018', 41, 25.00, 14, 3, 1, 15);

INSERT INTO TICKET_SHOW (dat, idTicket, priceTicket, idShow, idTheaterCompany, idTheaterHall, hallCapacity)
VALUES ('17-12-2018', 42, 25.00, 14, 3, 1, 15);

INSERT INTO TICKET_SHOW (dat, idTicket, priceTicket, idShow, idTheaterCompany, idTheaterHall, hallCapacity)
VALUES ('17-12-2018', 43, 10.00, 14, 3, 1, 15);

INSERT INTO TICKET_SHOW (dat, idTicket, priceTicket, idShow, idTheaterCompany, idTheaterHall, hallCapacity)
VALUES ('17-12-2018', 44, 10.00, 14, 3, 1, 15);

INSERT INTO TICKET_SHOW (dat, idTicket, priceTicket, idShow, idTheaterCompany, idTheaterHall, hallCapacity)
VALUES ('11-01-2020', 45, 15.00, 14, 3, 3, 54);

INSERT INTO TICKET_SHOW (dat, idTicket, priceTicket, idShow, idTheaterCompany, idTheaterHall, hallCapacity)
VALUES ('11-01-2020', 46, 15.00, 14, 3, 3, 54);

INSERT INTO TICKET_SHOW (dat, idTicket, priceTicket, idShow, idTheaterCompany, idTheaterHall, hallCapacity)
VALUES ('11-01-2020', 47, 15.00, 14, 3, 3, 54);

INSERT INTO TICKET_SHOW (dat, idTicket, priceTicket, idShow, idTheaterCompany, idTheaterHall, hallCapacity)
VALUES ('11-01-2020', 48, 15.00, 14, 3, 3, 54);

INSERT INTO TICKET_SHOW (dat, idTicket, priceTicket, idShow, idTheaterCompany, idTheaterHall, hallCapacity)
VALUES ('20-06-2021', 49, 20.00, 16, 3, 2, 33);

INSERT INTO TICKET_SHOW (dat, idTicket, priceTicket, idShow, idTheaterCompany, idTheaterHall, hallCapacity)
VALUES ('20-06-2021', 50, 20.00, 16, 3, 2, 33);

INSERT INTO TICKET_SHOW (dat, idTicket, priceTicket, idShow, idTheaterCompany, idTheaterHall, hallCapacity)
VALUES ('20-06-2021', 51, 25.00, 16, 3, 2, 33);

INSERT INTO TICKET_SHOW (dat, idTicket, priceTicket, idShow, idTheaterCompany, idTheaterHall, hallCapacity)
VALUES ('09-09-2021', 52, 25.00, 19, 3, 5, 25);

INSERT INTO TICKET_SHOW (dat, idTicket, priceTicket, idShow, idTheaterCompany, idTheaterHall, hallCapacity)
VALUES ('09-09-2021', 53, 10.00, 19, 3, 5, 25);

INSERT INTO TICKET_SHOW (dat, idTicket, priceTicket, idShow, idTheaterCompany, idTheaterHall, hallCapacity)
VALUES ('09-09-2021', 54, 10.00, 19, 3, 5, 25);

INSERT INTO TICKET_SHOW (dat, idTicket, priceTicket, idShow, idTheaterCompany, idTheaterHall, hallCapacity)
VALUES ('07-07-2013', 55, 15.00, 19, 3, 5, 25);

INSERT INTO TICKET_SHOW (dat, idTicket, priceTicket, idShow, idTheaterCompany, idTheaterHall, hallCapacity)
VALUES ('07-07-2013', 56, 15.00, 19, 3, 5, 25);

INSERT INTO TICKET_SHOW (dat, idTicket, priceTicket, idShow, idTheaterCompany, idTheaterHall, hallCapacity)
VALUES ('07-07-2013', 57, 15.00, 19, 3, 5, 25);

INSERT INTO TICKET_SHOW (dat, idTicket, priceTicket, idShow, idTheaterCompany, idTheaterHall, hallCapacity)
VALUES ('07-07-2013', 58, 25.00, 19, 3, 5, 25);

INSERT INTO TICKET_SHOW (dat, idTicket, priceTicket, idShow, idTheaterCompany, idTheaterHall, hallCapacity)
VALUES ('07-07-2013', 59, 15.00, 19, 3, 5, 25);

INSERT INTO TICKET_SHOW (dat, idTicket, priceTicket, idShow, idTheaterCompany, idTheaterHall, hallCapacity)
VALUES ('04-02-2014', 60, 20.00, 20, 3, 3, 54);

INSERT INTO TICKET_SHOW (dat, idTicket, priceTicket, idShow, idTheaterCompany, idTheaterHall, hallCapacity)
VALUES ('18-02-2015', 61, 20.00, 23, 4, 4, 17);

INSERT INTO TICKET_SHOW (dat, idTicket, priceTicket, idShow, idTheaterCompany, idTheaterHall, hallCapacity)
VALUES ('18-02-2015', 62, 20.00, 23, 4, 4, 17);

INSERT INTO TICKET_SHOW (dat, idTicket, priceTicket, idShow, idTheaterCompany, idTheaterHall, hallCapacity)
VALUES ('18-02-2015', 63, 15.00, 23, 4, 4, 17);

INSERT INTO TICKET_SHOW (dat, idTicket, priceTicket, idShow, idTheaterCompany, idTheaterHall, hallCapacity)
VALUES ('18-02-2015', 64, 20.00, 23, 4, 4, 17);

INSERT INTO TICKET_SHOW (dat, idTicket, priceTicket, idShow, idTheaterCompany, idTheaterHall, hallCapacity)
VALUES ('19-06-2018', 65, 15.00, 24, 4, 4, 17);

INSERT INTO TICKET_SHOW (dat, idTicket, priceTicket, idShow, idTheaterCompany, idTheaterHall, hallCapacity)
VALUES ('19-06-2018', 66, 20.00, 24, 4, 4, 17);

INSERT INTO TICKET_SHOW (dat, idTicket, priceTicket, idShow, idTheaterCompany, idTheaterHall, hallCapacity)
VALUES ('19-06-2018', 67, 20.00, 24, 4, 4, 17);

INSERT INTO TICKET_SHOW (dat, idTicket, priceTicket, idShow, idTheaterCompany, idTheaterHall, hallCapacity)
VALUES ('19-06-2018', 68, 25.00, 24, 4, 4, 17);

INSERT INTO TICKET_SHOW (dat, idTicket, priceTicket, idShow, idTheaterCompany, idTheaterHall, hallCapacity)
VALUES ('19-06-2018', 69, 25.00, 24, 4, 4, 17);

INSERT INTO TICKET_SHOW (dat, idTicket, priceTicket, idShow, idTheaterCompany, idTheaterHall, hallCapacity)
VALUES ('19-06-2018', 70, 20.00, 24, 4, 4, 17);

INSERT INTO TICKET_SHOW (dat, idTicket, priceTicket, idShow, idTheaterCompany, idTheaterHall, hallCapacity)
VALUES ('19-06-2018', 71, 20.00, 24, 4, 4, 17);

INSERT INTO TICKET_SHOW (dat, idTicket, priceTicket, idShow, idTheaterCompany, idTheaterHall, hallCapacity)
VALUES ('19-06-2018', 72, 20.00, 24, 4, 4, 17);

INSERT INTO TICKET_SHOW (dat, idTicket, priceTicket, idShow, idTheaterCompany, idTheaterHall, hallCapacity)
VALUES ('19-06-2018', 73, 25.00, 24, 4, 4, 17);

INSERT INTO TICKET_SHOW (dat, idTicket, priceTicket, idShow, idTheaterCompany, idTheaterHall, hallCapacity)
VALUES ('23-07-2019', 74, 15.00, 24, 4, 4, 17);

INSERT INTO TICKET_SHOW (dat, idTicket, priceTicket, idShow, idTheaterCompany, idTheaterHall, hallCapacity)
VALUES ('23-07-2019', 75, 10.00, 24, 4, 4, 17);

INSERT INTO TICKET_SHOW (dat, idTicket, priceTicket, idShow, idTheaterCompany, idTheaterHall, hallCapacity)
VALUES ('23-07-2019', 76, 20.00, 24, 4, 4, 17);

INSERT INTO TICKET_SHOW (dat, idTicket, priceTicket, idShow, idTheaterCompany, idTheaterHall, hallCapacity)
VALUES ('06-03-2020', 77, 25.00, 25, 4, 1, 15);

INSERT INTO TICKET_SHOW (dat, idTicket, priceTicket, idShow, idTheaterCompany, idTheaterHall, hallCapacity)
VALUES ('06-03-2020', 78, 20.00, 25, 4, 1, 15);

INSERT INTO TICKET_SHOW (dat, idTicket, priceTicket, idShow, idTheaterCompany, idTheaterHall, hallCapacity)
VALUES ('06-03-2020', 79, 20.00, 25, 4, 1, 15);

INSERT INTO TICKET_SHOW (dat, idTicket, priceTicket, idShow, idTheaterCompany, idTheaterHall, hallCapacity)
VALUES ('06-03-2020', 80, 25.00, 25, 4, 1, 15);

INSERT INTO TICKET_SHOW (dat, idTicket, priceTicket, idShow, idTheaterCompany, idTheaterHall, hallCapacity)
VALUES ('30-08-2021', 81, 25.00, 27, 5, 5, 25);

INSERT INTO TICKET_SHOW (dat, idTicket, priceTicket, idShow, idTheaterCompany, idTheaterHall, hallCapacity)
VALUES ('30-08-2021', 82, 20.00, 27, 5, 5, 25);

INSERT INTO TICKET_SHOW (dat, idTicket, priceTicket, idShow, idTheaterCompany, idTheaterHall, hallCapacity)
VALUES ('30-08-2021', 83, 25.00, 27, 5, 5, 25);

INSERT INTO TICKET_SHOW (dat, idTicket, priceTicket, idShow, idTheaterCompany, idTheaterHall, hallCapacity)
VALUES ('29-06-2013', 84, 25.00, 29, 5, 2, 33);

INSERT INTO TICKET_SHOW (dat, idTicket, priceTicket, idShow, idTheaterCompany, idTheaterHall, hallCapacity)
VALUES ('29-06-2013', 85, 20.00, 29, 5, 2, 33);

INSERT INTO TICKET_SHOW (dat, idTicket, priceTicket, idShow, idTheaterCompany, idTheaterHall, hallCapacity)
VALUES ('29-06-2013', 86, 25.00, 29, 5, 2, 33);

INSERT INTO TICKET_SHOW (dat, idTicket, priceTicket, idShow, idTheaterCompany, idTheaterHall, hallCapacity)
VALUES ('29-06-2013', 87, 20.00, 29, 5, 2, 33);

INSERT INTO TICKET_SHOW (dat, idTicket, priceTicket, idShow, idTheaterCompany, idTheaterHall, hallCapacity)
VALUES ('29-06-2013', 88, 10.00, 29, 5, 2, 33);

INSERT INTO TICKET_SHOW (dat, idTicket, priceTicket, idShow, idTheaterCompany, idTheaterHall, hallCapacity)
VALUES ('29-06-2013', 89, 10.00, 29, 5, 2, 33);

INSERT INTO TICKET_SHOW (dat, idTicket, priceTicket, idShow, idTheaterCompany, idTheaterHall, hallCapacity)
VALUES ('19-03-2015', 90, 20.00, 30, 5, 5, 25);

INSERT INTO TICKET_SHOW (dat, idTicket, priceTicket, idShow, idTheaterCompany, idTheaterHall, hallCapacity)
VALUES ('19-03-2015', 91, 20.00, 30, 5, 5, 25);

INSERT INTO TICKET_SHOW (dat, idTicket, priceTicket, idShow, idTheaterCompany, idTheaterHall, hallCapacity)
VALUES ('19-03-2015', 92, 20.00, 30, 5, 5, 25);

INSERT INTO TICKET_SHOW (dat, idTicket, priceTicket, idShow, idTheaterCompany, idTheaterHall, hallCapacity)
VALUES ('19-03-2015', 93, 20.00, 30, 5, 5, 25);

INSERT INTO TICKET_SHOW (dat, idTicket, priceTicket, idShow, idTheaterCompany, idTheaterHall, hallCapacity)
VALUES ('19-03-2015', 94, 20.00, 30, 5, 5, 25);

INSERT INTO TICKET_SHOW (dat, idTicket, priceTicket, idShow, idTheaterCompany, idTheaterHall, hallCapacity)
VALUES ('23-05-2017', 95, 20.00, 30, 5, 4, 17);

INSERT INTO TICKET_SHOW (dat, idTicket, priceTicket, idShow, idTheaterCompany, idTheaterHall, hallCapacity)
VALUES ('23-05-2017', 96, 20.00, 30, 5, 4, 17);

INSERT INTO TICKET_SHOW (dat, idTicket, priceTicket, idShow, idTheaterCompany, idTheaterHall, hallCapacity)
VALUES ('23-05-2017', 97, 25.00, 30, 5, 4, 17);

INSERT INTO TICKET_SHOW (dat, idTicket, priceTicket, idShow, idTheaterCompany, idTheaterHall, hallCapacity)
VALUES ('23-05-2017', 98, 20.00, 30, 5, 4, 17);

INSERT INTO TICKET_SHOW (dat, idTicket, priceTicket, idShow, idTheaterCompany, idTheaterHall, hallCapacity)
VALUES ('23-05-2017', 99, 25.00, 30, 5, 4, 17);

INSERT INTO TICKET_SHOW (dat, idTicket, priceTicket, idShow, idTheaterCompany, idTheaterHall, hallCapacity)
VALUES ('23-05-2017', 100, 25.00, 30, 5, 4, 17);


-- REPRESENTATION ############################################

INSERT INTO REPRESENTATION (dat, idShow, idTheaterCompany, idTheaterHall, hallCapacity, travelCostsPerRep, comFeesPerRep, globalPrice, prodCosts)
VALUES ('03-03-2012', 1, 1, 1, 15, 0, -1500.50, 0, -850.00);

INSERT INTO REPRESENTATION (dat, idShow, idTheaterCompany, idTheaterHall, hallCapacity, travelCostsPerRep, comFeesPerRep, globalPrice, prodCosts)
VALUES ('07-06-2017', 1, 1, 1, 15, 0, -1000.20, 0, -750.00);

INSERT INTO REPRESENTATION (dat, idShow, idTheaterCompany, idTheaterHall, hallCapacity, travelCostsPerRep, comFeesPerRep, globalPrice, prodCosts)
VALUES ('07-06-2017', 2, 1, 1, 15, 0, -500.80, 0, -500.00);

INSERT INTO REPRESENTATION (dat, idShow, idTheaterCompany, idTheaterHall, hallCapacity, travelCostsPerRep, comFeesPerRep, globalPrice, prodCosts)
VALUES ('13-12-2018', 2, 1, 5, 25, -450.00, -350.00, 1900.00, -700.00);

INSERT INTO REPRESENTATION (dat, idShow, idTheaterCompany, idTheaterHall, hallCapacity, travelCostsPerRep, comFeesPerRep, globalPrice, prodCosts)
VALUES ('07-04-2020', 4, 1, 4, 17, -550.00, -250.00, 1700.00, -600.00);

INSERT INTO REPRESENTATION (dat, idShow, idTheaterCompany, idTheaterHall, hallCapacity, travelCostsPerRep, comFeesPerRep, globalPrice, prodCosts)
VALUES ('23-07-2012', 4, 1, 4, 17, -444.00, -350.00, 1600.00, -900.00);

INSERT INTO REPRESENTATION (dat, idShow, idTheaterCompany, idTheaterHall, hallCapacity, travelCostsPerRep, comFeesPerRep, globalPrice, prodCosts)
VALUES ('06-06-2013', 8, 2, 3, 54, -555.00, -650.00, 1450.00, -750.00);

INSERT INTO REPRESENTATION (dat, idShow, idTheaterCompany, idTheaterHall, hallCapacity, travelCostsPerRep, comFeesPerRep, globalPrice, prodCosts)
VALUES ('18-03-2016', 8, 2, 3, 54, -650.00, -850.00, 2550.00, -540.00);

INSERT INTO REPRESENTATION (dat, idShow, idTheaterCompany, idTheaterHall, hallCapacity, travelCostsPerRep, comFeesPerRep, globalPrice, prodCosts)
VALUES ('17-05-2017', 9, 2, 2, 33, 0, 700.00, 0, 946.00);

INSERT INTO REPRESENTATION (dat, idShow, idTheaterCompany, idTheaterHall, hallCapacity, travelCostsPerRep, comFeesPerRep, globalPrice, prodCosts)
VALUES ('17-12-2018', 14, 3, 1, 15, -400.00, -450.00, 1700.00, -600.00);

INSERT INTO REPRESENTATION (dat, idShow, idTheaterCompany, idTheaterHall, hallCapacity, travelCostsPerRep, comFeesPerRep, globalPrice, prodCosts)
VALUES ('11-01-2020', 14, 3, 3, 54, 0, -600.00, 0, -1000.00);

INSERT INTO REPRESENTATION (dat, idShow, idTheaterCompany, idTheaterHall, hallCapacity, travelCostsPerRep, comFeesPerRep, globalPrice, prodCosts)
VALUES ('20-06-2021', 16, 3, 2, 33, -500.00, -500.00, 1780.00, -714.00);

INSERT INTO REPRESENTATION (dat, idShow, idTheaterCompany, idTheaterHall, hallCapacity, travelCostsPerRep, comFeesPerRep, globalPrice, prodCosts)
VALUES ('09-09-2021', 19, 3, 5, 25, -400.00, -458.00, 1680.00, -550.00);

INSERT INTO REPRESENTATION (dat, idShow, idTheaterCompany, idTheaterHall, hallCapacity, travelCostsPerRep, comFeesPerRep, globalPrice, prodCosts)
VALUES ('07-07-2013', 19, 3, 5, 25, -500.00, -488.00, 2700.00, -350.00);

INSERT INTO REPRESENTATION (dat, idShow, idTheaterCompany, idTheaterHall, hallCapacity, travelCostsPerRep, comFeesPerRep, globalPrice, prodCosts)
VALUES ('04-02-2014', 20, 3, 3, 54, 0, -650.00, 0, -780.00);

INSERT INTO REPRESENTATION (dat, idShow, idTheaterCompany, idTheaterHall, hallCapacity, travelCostsPerRep, comFeesPerRep, globalPrice, prodCosts)
VALUES ('18-02-2015', 23, 4, 4, 17, 0, -550.00, 0, -1058.00);

INSERT INTO REPRESENTATION (dat, idShow, idTheaterCompany, idTheaterHall, hallCapacity, travelCostsPerRep, comFeesPerRep, globalPrice, prodCosts)
VALUES ('19-06-2018', 24, 4, 4, 17, 0, -601.00, 0, -1060.00);

INSERT INTO REPRESENTATION (dat, idShow, idTheaterCompany, idTheaterHall, hallCapacity, travelCostsPerRep, comFeesPerRep, globalPrice, prodCosts)
VALUES ('23-07-2019', 24, 4, 4, 17, 0, -615.00, 0, -1063.00);

INSERT INTO REPRESENTATION (dat, idShow, idTheaterCompany, idTheaterHall, hallCapacity, travelCostsPerRep, comFeesPerRep, globalPrice, prodCosts)
VALUES ('06-03-2020', 25, 4, 1, 15, -356.00, -814.00, 1568.00, -450.00);

INSERT INTO REPRESENTATION (dat, idShow, idTheaterCompany, idTheaterHall, hallCapacity, travelCostsPerRep, comFeesPerRep, globalPrice, prodCosts)
VALUES ('30-08-2021', 27, 5, 5, 25, 0, -610.00, 0, -580.00);

INSERT INTO REPRESENTATION (dat, idShow, idTheaterCompany, idTheaterHall, hallCapacity, travelCostsPerRep, comFeesPerRep, globalPrice, prodCosts)
VALUES ('29-06-2013', 29, 5, 2, 33, -350.00, -400.00, 1700.00, -800.00);

INSERT INTO REPRESENTATION (dat, idShow, idTheaterCompany, idTheaterHall, hallCapacity, travelCostsPerRep, comFeesPerRep, globalPrice, prodCosts)
VALUES ('19-03-2015', 30, 5, 5, 25, 0, -360.00, 0, -879.00);

INSERT INTO REPRESENTATION (dat, idShow, idTheaterCompany, idTheaterHall, hallCapacity, travelCostsPerRep, comFeesPerRep, globalPrice, prodCosts)
VALUES ('23-05-2017', 30, 5, 4, 17, -250.50, -400.00, 1741.00, -450.00);

INSERT INTO REPRESENTATION (dat, idShow, idTheaterCompany, idTheaterHall, hallCapacity, travelCostsPerRep, comFeesPerRep, globalPrice, prodCosts)
VALUES ('17-11-2021', 31, 6, 4, 17, -350.50, -300.00, 1850.00, -550.00);


-- ######################################## TRIGGERS D’INSERTION EN BASE DE DONNEES ############################################### 
-- ################################################################################################################################
-- ################################################################################################################################


-- Triggers principaux : 

-- Condition d'insert sur le type de client 
CREATE OR REPLACE TRIGGER insCustomerTicket
    BEFORE INSERT ON TICKETS
    FOR EACH ROW
DECLARE
    var_lab VARCHAR2(50); 
    priceT DECIMAL(15,2);
    insertException EXCEPTION;
BEGIN
    IF INSERTING THEN 
        SELECT statusCustomer, priceTicket INTO var_lab, priceT
        FROM TICKETS 
        WHERE idCustomer = :NEW.idCustomer;
        IF LOWER(var_lab) = 'normal' AND priceT != 25 THEN
            RAISE insertException;
        ELSIF LOWER(var_lab) = 'elderly' AND priceT != 20 THEN
            RAISE insertException;
        ELSIF LOWER(var_lab) IN ('student','unemployed') AND priceT != 15 THEN
            RAISE insertException;
        ELSIF LOWER(var_lab) = 'child' AND priceT != 10 THEN
            RAISE insertException;
        ELSIF LOWER(var_lab) NOT IN ('normal', 'elderly', 'student','unemployed', 'child') THEN 
            RAISE insertException;
        END IF; 
    END IF;
EXCEPTION 
    WHEN insertException THEN
        raise_application_error(-20007,'Insertion impossible, le prix du ticket ne correspond pas à la bonne catégorie de client');
END;

-- Modification du prix de base des tickets en fonction de la date d'achat de ceux-ci et du taux de remplissage de la salle
CREATE OR REPLACE TRIGGER insTicketsShowRepDate
    BEFORE INSERT ON TICKET_SHOW
    FOR EACH ROW
DECLARE
    rep_date DATE;
    nb NUMBER;
BEGIN
    IF INSERTING THEN
        SELECT dat, COUNT(idTicket) INTO rep_date, nb
        FROM TICKET_SHOW 
        WHERE idShow = :NEW.idShow
        AND idTheaterCompany = :NEW.idTheaterCompany
        AND idTicket = :NEW.idTicket
        GROUP BY (idShow, idTheaterCompany, dat);
        IF TO_DATE(SYSDATE, 'DD-MM-YYYY') - TO_DATE(rep_date, 'DD-MM-YYYY') <= 15 THEN
            INSERT INTO TICKET_SHOW (dat, idTicket, priceTicket, idShow, idTheaterCompany, idTheaterHall, hallCapacity)      
            VALUES(rep_date, :NEW.idTicket, 0.80 * :NEW.priceTicket, :NEW.idShow, :NEW.idTheaterCompany, :NEW.idTheaterHall, :NEW.hallCapacity); 
        ELSIF TO_DATE(SYSDATE, 'DD-MM-YYYY') - TO_DATE(rep_date, 'DD-MM-YYYY') = 0 AND nb < 0.50 * :NEW.hallCapacity THEN
            INSERT INTO TICKET_SHOW (dat, idTicket, priceTicket, idShow, idTheaterCompany, idTheaterHall, hallCapacity)      
            VALUES(rep_date, :NEW.idTicket, 0.70 * :NEW.priceTicket, :NEW.idShow, :NEW.idTheaterCompany, :NEW.idTheaterHall, :NEW.hallCapacity);
        ELSIF TO_DATE(SYSDATE, 'DD-MM-YYYY') - TO_DATE(rep_date, 'DD-MM-YYYY') = 0 AND nb < 0.03 * :NEW.hallCapacity THEN
            INSERT INTO TICKET_SHOW (dat, idTicket, priceTicket, idShow, idTheaterCompany, idTheaterHall, hallCapacity)      
            VALUES(rep_date, :NEW.idTicket, 0.50 * :NEW.priceTicket, :NEW.idShow, :NEW.idTheaterCompany, :NEW.idTheaterHall, :NEW.hallCapacity); 
        ELSE 
            INSERT INTO TICKET_SHOW (dat, idTicket, priceTicket, idShow, idTheaterCompany, idTheaterHall, hallCapacity)       
            VALUES(rep_date, :NEW.idTicket, :NEW.priceTicket, :NEW.idShow, :NEW.idTheaterCompany, :NEW.idTheaterHall, :NEW.hallCapacity);
        END IF;
    END IF;
END;

-- S'assurer que les insert dans la table REPRESENTATION ont des signes arithmétiques cohérents avec 
-- la situation de spectacle concernée : une compagnie qui accueille son propre spectacle ou qui l'exporte dans une autre salle
-- n''aura pas les mêmes dépenses ni les mêmes recettes (globalPrice) dans l’un ou l’autre des deux cas
-- (voir aussi le trigger majBudgTheaterRep ci-dessous)
CREATE TRIGGER insertExpenditure
   AFTER INSERT OR UPDATE ON REPRESENTATION
   FOR EACH ROW
DECLARE
    travelCosts DECIMAL(15,2);
    comFees DECIMAL(15,2);
    globalPrice DECIMAL(15,2);
    prodCosts DECIMAL(15,2);
    idThC NUMBER(4);
    idThHall NUMBER(4);
BEGIN
    IF INSERTING THEN
        SELECT
            travelCostsPerRep ,comFeesPerRep ,globalPrice ,prodCosts, idTheaterCompany, idTheaterHall
            INTO travelCosts, comFees, globalPrice, prodCosts, idThC, idThHall
        FROM REPRESENTATION
        WHERE idTheaterCompany = :NEW.idTheaterCompany AND idTheaterHall = :NEW.idTheaterHall;
        -- AND idShow = :NEW.idShow AND dat = :NEW.dat;
        IF idThHall = idThC THEN
            travelCosts := 0;
            comFees := - ABS(comFees);
            globalPrice := 0;
            prodCosts := - ABS(prodCosts);
        ELSIF idThHall != idThC THEN
            travelCosts := - ABS(travelCosts);
            comFees := - ABS(comFees);
            globalPrice := ABS(globalPrice);
            prodCosts := - ABS(prodCosts);
        END IF;
    END IF; 
END;

-- Mettre à jour, dans la table THEATER_COMPANY, le champ budget du théâtre accueillant la représentation d’un spectacle, après chaque insert dans la table REPRESENTATION
CREATE OR REPLACE TRIGGER majBudgTheaterRep
    AFTER INSERT ON REPRESENTATION
    FOR EACH ROW
DECLARE 
    travelCosts DECIMAL(15,2);
    comFees DECIMAL(15,2);
    globalPrice DECIMAL(15,2);
    prodCosts DECIMAL(15,2);
    idThC NUMBER(4);
    idThHall NUMBER(4);
BEGIN 
    IF INSERTING THEN
        SELECT 
        travelCostsPerRep ,comFeesPerRep ,globalPrice ,prodCosts, idTheaterCompany, idTheaterHall
        INTO travelCosts, comFees, globalPrice, prodCosts, idThC, idThHall
        FROM REPRESENTATION
        WHERE idTheaterCompany = :NEW.idTheaterCompany AND idTheaterHall = :NEW.idTheaterHall;
        IF idThHall = idThC THEN
            UPDATE THEATER_COMPANY 
            SET budget = budget + comFees + prodCosts,
            budgetMonth = SYSDATE
            WHERE idTheater = :NEW.idTheaterCompany;
        ELSIF idThHall <> idThC THEN
            UPDATE THEATER_COMPANY 
            SET budget = budget + travelCosts + comFees + globalPrice + prodCosts,
            budgetMonth = SYSDATE
            WHERE idTheater = :NEW.idTheaterCompany;
            UPDATE THEATER_COMPANY 
            SET budget = budget - globalPrice,
            budgetMonth = SYSDATE
            WHERE idTheater = :NEW.idTheaterHall;
        END IF;
    END IF;
END;

-- Alimenter la table THEATER_COMPANY après chacun des dons, qui ont lieu chaque mois
CREATE OR REPLACE TRIGGER majBudgTheaterDonation
    AFTER INSERT ON DONATION 
    FOR EACH ROW
DECLARE 
    priceDonation DECIMAL(15,2);
BEGIN 
    IF INSERTING THEN
        SELECT priceDonation INTO priceDonation
        FROM DONATION
        WHERE idTheater = :NEW.idTheater;
        UPDATE THEATER_COMPANY 
        SET budget = budget + priceDonation,
        budgetMonth = SYSDATE
        WHERE idTheater = :NEW.idTheater;
    END IF;
END;

-- Alimenter la table THEATER_COMPANY au début de chaque mois avec la  billetterie du mois précédent, 
-- intégrée dans le budget du théâtre concerné
CREATE OR REPLACE TRIGGER majBudgTheaterTickets
    AFTER INSERT ON TICKET_SHOW 
    FOR EACH ROW
DECLARE 
    sumPrice DECIMAL(15,2);
    maxDate DATE;
BEGIN 
    IF INSERTING THEN
        SELECT 
            SUM(priceTicket), max(dat)
            INTO sumPrice, maxDate
        FROM TICKET_SHOW
        WHERE idTheaterHall = :NEW.idTheaterHall
        AND MONTHS_BETWEEN(SYSDATE, dat) = 1 
        GROUP BY idTheaterHall;
        IF (maxDate <= :NEW.dat) THEN
            UPDATE THEATER_COMPANY 
            SET budget = budget + sumPrice,
            budgetMonth = SYSDATE
            WHERE idTheater = :NEW.idTheaterHall;
        END IF;  
    END IF;
END;



-- Triggers supplémentaires :

-- Vérifier que le client auquel est rattaché le ticket existe en BDD dans la table CUSTOMER
-- -> pas forcément nécessaire car l'enregistrement de ticket se fait automatiquement dans l''espace d'un utilisateur existant, 
-- peut être utile dans le cas de l'insert à la main de la part d'un compte administrateur
CREATE TRIGGER insertionTicket
    BEFORE INSERT ON TICKETS
    FOR EACH ROW
DECLARE 
    nb NUMBER;
    insertException EXCEPTION;
BEGIN
    SELECT COUNT(*) INTO nb
    FROM CUSTOMER
    WHERE idCustomer = :NEW.idCustomer;
    IF (nb = 0) THEN
        RAISE insertException;
    END IF;
EXCEPTION 
    WHEN insertException THEN
        raise_application_error(-20000,'Insertion impossible, le client n''existe pas');
END;

-- AFTER INSERT ON TICKETS, INSERT ON PAYMENT_DATE
CREATE OR REPLACE TRIGGER insPaymentDate
    AFTER INSERT ON TICKETS
    FOR EACH ROW
BEGIN 
    IF INSERTING THEN
        INSERT INTO PAYMENT_DATE (dat, idTicket, priceTicket, idShow, idTheater)     
        VALUES(SYSDATE, :NEW.idTicket, :NEW.priceTicket, :NEW.idShow, :NEW.idTheater); 
    END IF;
END;

-- Vérification de l’existence dans la table SHOWS d’un numéro de spectacle en rapport 
-- avec l’ajout d’une nouvelle ligne dans la table REPRESENTATION
CREATE TRIGGER insertGoodShowId
   BEFORE INSERT ON REPRESENTATION
   FOR EACH ROW
DECLARE 
    nb NUMBER;
    insertException EXCEPTION;
BEGIN
    SELECT COUNT(*) INTO nb
    FROM SHOWS
    WHERE idTheater = :NEW.idTheaterCompany
    AND idShow = :NEW.idShow
    GROUP BY idShow, idTheater;  
    IF (nb = 0) THEN
        RAISE insertException;
    END IF;
EXCEPTION 
    WHEN insertException THEN 
    raise_application_error(-20002,'Insertion impossible, le numéro d''ID de la représentation ne correspond à aucun ID de spectacle connu');
END;

-- Vérification que la nouvelle ligne dans la table REPRESENTATION est rattachée à une salle 
-- de spectacle connue dans la table THEATER_HALL
CREATE TRIGGER insertGoodHallID
   BEFORE INSERT ON REPRESENTATION
   FOR EACH ROW
DECLARE 
    nb NUMBER;
    insertException EXCEPTION;
BEGIN
    SELECT COUNT(*) INTO nb
    FROM THEATER_HALL
    WHERE idTheater = :NEW.idTheaterHall
    GROUP BY idTheater;  
    IF (nb = 0) THEN
        RAISE insertException;
    END IF;
EXCEPTION 
    WHEN insertException THEN 
    raise_application_error(-20003,'Insertion impossible, le numéro d''ID de la représentation n''est rattaché à aucune salle de théâtre connue');
END;